song_title,primary_artist,plain_lyrics,song_summary
Say Something,A Great Big World,"Say something, I'm giving up on you

I'll be the one, if you want me to

Anywhere, I would've followed you

Say something, I'm giving up on you

And I am feeling so small
It was over my head
I know nothing at all
And I will stumble and fall
I'm still learning to love
Just starting to crawl

Say something, I'm giving up on you

I'm sorry that I couldn't get to you

Anywhere, I would've followed you

Say something, I'm giving up on you

And I will swallow my pride
You're the one that I love
And I'm saying goodbye

Say something, I'm giving up on you

And I'm sorry that I couldn't get to you

And anywhere, I would have followed you
Oh-oh, say something, I'm giving up on you

Say something, I'm giving up on you

Say something","The song ""Say Something"" by A Great Big World explores themes of love, loss, and vulnerability. The lyrics convey a deep sense of longing and emotional struggle, as the speaker expresses feelings of helplessness and resignation in a relationship that seems to be fading. The repeated plea to ""say something"" highlights a desire for communication and connection, underscoring the pain of feeling abandoned or unheard.

Imagery in the song evokes a sense of smallness and inadequacy, with lines reflecting the speaker's internal conflict and the difficulty of navigating their emotions. Phrases like ""I am feeling so small"" and ""I will stumble and fall"" illustrate the speaker's journey of self-discovery and the challenges of learning to love. The emotional weight of the lyrics is further emphasized by the acknowledgment of pride and the sorrow of saying goodbye to someone deeply cherished.

Overall, the song captures the bittersweet essence of unreciprocated feelings and the heartache of giving up on a relationship, making it a poignant reflection on love and the complexities of human connection. This thematic depth can help retrieve the song in searches related to heartbreak, emotional struggles, and the desire for communication in relationships."
Backlight,Ado,"散々な思い出は悲しみを穿つほど
やるせない恨みはアイツのために
置いてきたのさ
あんたらわかっちゃないだろ
本当に傷む孤独を
今だけ箍外してきて
怒りよ今 悪党ぶっ飛ばして
そりゃあ愛ある罰だ
もう眠くはないや ないやないや
もう悲しくないさ ないさ
そう 怒りよ今 悪党蹴り飛ばして
そりゃあ愛への罰だ
もう眠くはないな ないなないな
もう寂しくないさ ないさ
逆光よ (na-na-na, na-na-na-na-na)
(Na-na-na, na-na-na-na-na)
(Na-na-na, na-na-na-na-na, na-na-na-na-na-na)
惨憺たる結末は美しさを纏うほど
限りなく 体温に近い「赤」に彩られていた
散漫な視界でも美しさがわかるほど
焼き付ける光を背に受ける
「赤」に気を取られている
もつれてしまった心は 解っている今でも
ほつれてしまった言葉が焦っている
怒りよ今 悪党ぶっ飛ばして
そりゃあ愛ある罰だ
もう眠くはないや ないやないや
もう悲しくないさ ないさ
そう 怒りよ今 悪党蹴り飛ばして
そりゃあ愛への罰だ
もう眠くはないな ないなないな
もう寂しくないさ ないさ
逆光よ
もう 怒り願った言葉は
崩れ へたってしまったが
今でも未練たらしくしている
あぁ 何度も放った言葉が
届き 解っているのなら
なんて 夢見が苦しいから
もう怒りよ また 悪党ぶっ飛ばして
そりゃあ愛ある罰だ
もう眠くはないや ないやないや
もう悲しくないさ ないさ
そう 怒りよさぁ 悪党ふっ飛ばして
そりゃあ愛への罰だ
もう眠くはないな ないなないな
もう寂しくないさ ないさ
逆光よ (na-na-na, na-na-na-na-na)
(Na-na-na, na-na-na-na-na)
(Na-na-na, na-na-na-na-na, na-na-na-na-na-na)
","The song ""Backlight"" by Ado explores themes of anger, loneliness, and the struggle for emotional release. The lyrics convey a deep sense of betrayal and hurt from past experiences, with the narrator expressing feelings of resentment and a desire to confront those who have caused pain. The imagery of ""backlight"" suggests a struggle against darkness, highlighting the contrast between despair and the pursuit of beauty and clarity.

Emotions of anger and defiance are prominent, as the narrator calls for action against perceived wrongdoers, framing this as a form of ""love's punishment."" The repetition of phrases like ""I'm no longer sleepy"" and ""I'm no longer sad"" signifies a turning point, where the narrator seeks empowerment and liberation from past sorrows. The use of vivid colors, particularly ""red,"" symbolizes intense emotions and the warmth of human connection, even amidst chaos.

Overall, the song captures a journey from despair to empowerment, using powerful imagery and emotional depth to illustrate the complexities of love, anger, and healing. It resonates with listeners who have experienced similar feelings of betrayal and the desire to reclaim their strength."
How Can You Mend a Broken Heart,Al Green,"I can think of younger days
When living for my life
Was everything a man could want to do
I could never see tomorrow
I was never told about the sorrow

And how can you mend a broken heart?

How can you stop the rain falling down?
Tell me how can you stop the sun from shining?
What makes the world go 'round?

How can you mend this broken man? Yeah
How can a loser ever win?
Somebody please help me mend my broken heart
And let me live again
La la la la la

I can still feel the breeze that rustles through the trees
And misty memories of days gone by
But we could never see tomorrow
It would be that no one, no one ever told us about the sorrow

So how can you mend a broken heart? And mine is
How can you stop the rain falling down? (How can you stop)
How can you stop this right ol' sun from shining? (The sun from shining)
What makes the world go 'round?

And sometimes after saying, say
La, la, la, la, la, la, yeah, la, la, la, la...
(Help me) Help me mend my, my broken heart
I just wanna, I just wanna, I just wanna, I just wanna
I just wanna live again, baby

How can you mend this broken man?
Somebody tell me, and how can a loser ever win?

Baby, help me mend this old broken heart
I think I, I know I, I believe I, I feel like I gotta
I feel like I'm going to live again

How can you mend this broken heart?
Somebody please tell me!
How can you stop the rain from falling down?
Although my clothes are all wet, tell me
How can you mend my, please help me mend my broken heart
I think I, I believe I, I got a feeling that I want to live and live and live","The song ""How Can You Mend a Broken Heart"" by Al Green explores themes of heartbreak, longing, and the desire for emotional healing. The lyrics reflect a deep sense of sorrow and vulnerability, as the narrator grapples with the pain of lost love and the struggle to find solace. 

Imagery of nature, such as the breeze and rain, symbolizes the emotional turmoil the narrator experiences, while nostalgic reflections on younger days highlight a contrast between past happiness and present despair. The repeated questions about mending a broken heart and stopping the rain convey a sense of helplessness and a yearning for relief from emotional suffering.

The song captures a profound sense of loneliness and the feeling of being a ""broken man,"" emphasizing the desire for support and understanding in overcoming personal struggles. The emotional weight of the lyrics resonates with anyone who has faced heartbreak, making it a poignant expression of the human experience of love and loss. 

Overall, the song is characterized by its soulful plea for healing and the hope of rediscovering joy after pain, making it a powerful anthem for those seeking comfort in their own heartache."
The Power Is Here Now,Alexia Chellun,"The power of love is here now
The power of now is here now
The power of you and me is here
To create magic on earth
The power of love is here now
The power of now is here now
The power of you and me is here
To create magic on earth
(The power of love is here now
The power of now is herе now
The power of you and me is hеre
To create magic on earth)
Let the water wash away your tears
Let the fire burn away your fears
Let the wind blow into your
Life such faith and trust
Let the earth hold you
Take care of you and nurture you
The power of love is here now
The power of now is here now
The power of you and me is here
To create magic on earth
The power of love is here now
The power of now is here now
The power of you and me is here
To create magic on earth
(The power of love is here now
The power of now is here now
The power of you and me is here
To create magic on earth)
Let the water wash away your tears
Let the fire burn away your fears
Let the wind blow into your
Life such faith and trust
Let the earth hold you
Take care of you and nurture you","""The Power Is Here Now"" by Alexia Chellun explores themes of love, empowerment, and connection to nature. The lyrics emphasize the transformative power of love and the present moment, suggesting that together, individuals can create something magical on Earth. 

The song evokes a sense of emotional healing and renewal, encouraging listeners to let go of their fears and tears through natural imagery. Water symbolizes cleansing and emotional release, fire represents the burning away of fears, wind brings faith and trust, and earth signifies nurturing and support. 

Overall, the song conveys a message of hope, unity, and the strength found in love and the present moment, making it a powerful anthem for those seeking inspiration and emotional upliftment."
Trying My Best,Anson Seabra,"I know you think I got it all figured out
'Cause I walk around like my head's in the clouds
But I'm just a boy with his heart pourin' out of his head

I wish that you could see the pain that I've seen
All of the times I spent being not me
I hope you know that it's not always happy in my head

'Cause I don't know
The perfect road to go down
But I know

Trying my best
Trying my best to be okay
Trying my best but every day, it's so hard
Holding my breath
Holding my breath 'til I can say
All of the words I want to say from my heart

If you really wanted, I could let you inside
It's been so long and I've got nothing left to hide
Would you believe me if I told you that I've got flaws

Now it's time to let the curtains unfold
And tell all the stories that I didn't want told
I let it out so I unburden my soul, I won't stop

'Cause I don't know
The perfect road to go down
But I know

Trying my best
Trying my best to be okay
Trying my best but every day, it's so hard
Holding my breath
Holding my breath 'til I can say
All of the words I want to say from my heart

Trying my best
Trying my best to be okay
Trying my best but every day, it's so hard
Holding my breath
Holding my breath 'til I can say
All of the words I want to say from my heart","The song ""Trying My Best"" by Anson Seabra explores themes of vulnerability, self-doubt, and the struggle for emotional authenticity. The lyrics convey a sense of inner turmoil, as the narrator grapples with the perception that they have everything figured out while feeling overwhelmed by their own emotions. The imagery of a heart ""pouring out of his head"" suggests a deep emotional conflict and a desire for understanding.

The narrator expresses a longing for connection, wishing that others could see the pain and struggles they've experienced. There is a recurring motif of trying to be okay despite the challenges faced daily, highlighting feelings of inadequacy and the difficulty of expressing one's true self. The act of ""holding my breath"" symbolizes the tension of waiting to reveal their innermost thoughts and feelings.

As the song progresses, there is a shift towards openness, with the narrator contemplating letting someone in and sharing their flaws. This desire to unburden their soul and share untold stories reflects a yearning for acceptance and understanding. Overall, the song captures the emotional complexity of trying to navigate personal struggles while seeking connection and authenticity."
That's Us,Anson Seabra,"I shoulda known it wouldn't happen 'cause it wasn't right
I shoulda known it 'cause it happens every God damn time
Almost thought we could've been something
Almost thought we could have tried, but
It didn't happen so I need you to get out my life

But the other night I had you in my head
Called you on the phone
Want you stealing my time even though I said I wanna be alone
Oh and I should know this could never work
Oh, this could never end well
Know it's only human but I never learn
I want you for myself

I can take the fall, the pain, the pleasure
And you can take it all, for worse, or better
But oh, what if we're wrong?
What if we're not all that we thought?
Then we won't make it along
But hey, I guess that's us

We couldn't help it but you know that doesn't make it right
You say I'm selfish but I know you felt the same inside
Everybody says it's all okay
Everybody says we're fine, but
Guess someone else is what you need to make you feel alright

But tomorrow night I'll probably call a cab
Show up at your door
Love you in the night time, leave you in your bed
Cold and wanting more
Oh and I should know this could never work
Oh, this could never end well
Know it's only human, but I never learn, I need you for myself

I can take the fall, the pain, the pleasure
And you can take it all, for worse, or better
But oh, what if we're wrong?
What if we're not all that we thought?
Then we won't make it along
But hey, I guess that's us

Hmmm
Hmmm
Hmmm
Hmmm

I can take the fall, the pain, the pleasure
And you can take it all, for worse, or better
But oh, what if we're wrong?
What if we're not all that we thought?
Then we won't make it along
But hey, I guess that's love","The song ""That's Us"" by Anson Seabra explores themes of love, longing, and the complexities of relationships. The lyrics convey a sense of emotional conflict, as the narrator grapples with the realization that a romantic connection may not be viable despite their strong feelings. 

Key emotions include regret, desire, and a sense of inevitability. The narrator reflects on past experiences, acknowledging a pattern of disappointment in love, yet still feeling drawn to the other person. Imagery of late-night phone calls and fleeting moments of intimacy highlights the push and pull of wanting to be together while recognizing the potential for heartbreak.

The situation is characterized by a struggle between wanting to be alone and the magnetic pull of the other person, leading to a cycle of longing and temporary fulfillment. The narrator expresses a willingness to endure both the highs and lows of love, questioning whether their relationship can withstand the challenges they face. Ultimately, the song captures the bittersweet nature of love, suggesting that despite the uncertainty, the connection they share is uniquely theirs. 

This summary can help retrieve the song for thematic questions related to love's complexities, emotional struggles, and the tension between desire and reality."
"It's Raining, It's Pouring",Anson Seabra,"It's raining, it's pouring
My eyes, oh, they're stormy
And I don't wanna leave this bed
It's raining, it's pouring
It's four in the morning
And I don't wanna cry
But I need you here 'cause I'm a mess

Blue skies turn to grey now
My eyes turn to rain clouds
And I'm tired
It's been three weeks since you left me
So tonight, I'm feeling empty
I don't know why

We were nine clouds high, then we fall down
Nowhere to hide, caught in the fallout
And I can't lie, wish you'd call now
For one more time, one more time

It's raining, it's pouring
My eyes, oh, they're stormy
And I don't wanna leave this bed
It's raining, it's pouring
It's four in the morning
And I don't wanna cry
But I need you here 'cause I'm a mess

Flashback to your apartment
Slow dancing in the darkness
We were fine
I knew then, we should've seen this
And we tried but somehow we missed
All the signs

Now we're nine clouds high, then we fall down
Nowhere to hide, caught in the fallout
And I can't lie, wish you'd call now
For one more time, one more time

It's raining, it's pouring
My eyes, oh, they're stormy
And I don't wanna leave this bed
It's raining, it's pouring
It's four in the morning
And I don't wanna cry
But I need you here 'cause I'm a mess

Come back home
Just come back home
Just come back home

It's raining, it's pouring
My eyes, oh, they're stormy
And I don't wanna leave this bed
It's raining, it's pouring
It's four in the morning
And I don't wanna cry
But I need you here 'cause I'm a mess

I need you here 'cause I'm a mess
I need you here 'cause I'm a mess","The song ""It's Raining, It's Pouring"" by Anson Seabra explores themes of heartbreak, longing, and emotional turmoil following a breakup. The imagery of rain and stormy eyes symbolizes the singer's sadness and inner chaos, reflecting a deep sense of loss and vulnerability. The repeated mention of not wanting to leave the bed and the late-night setting (four in the morning) emphasizes feelings of isolation and despair.

The lyrics convey a sense of nostalgia as the singer reminisces about happier moments shared with a former partner, such as slow dancing in the dark. This contrast between past joy and present sorrow highlights the emotional fallout from the relationship's end. The phrase ""nine clouds high, then we fall down"" suggests a rise to happiness followed by a significant emotional drop, illustrating the fragility of love.

Overall, the song captures the struggle of coping with loneliness and the desire for reconciliation, as the singer repeatedly expresses a need for their ex-partner to return, underscoring their emotional messiness and yearning for connection. This combination of vivid imagery, raw emotions, and relatable situations makes the song resonate with anyone who has experienced heartbreak."
How Can I Do,Anwar,"It has been a million times
That I've tried to explain to you
To show you that I feel something strong and special, too
And if I'm alive today
It's only and exclusively for you
'Cause I got nothing more precious
And there's no one more beautiful

I'm your man, I'm your fan
Without you, I'm struggling
I'm your boy, I'm your toy
I'm a slave to your loving
Without you, I am nothing, less than a rock
A stone, weightlessness
Inert and lost in the universe

So, how
How can I do?
Can't you believe
That I love you?
Yeah, how
How can I do without you?
Can't you see
That I'm crazy about you?

I spent days trying to find the way to apologize
I spent nights awake, waiting for the mornings to meet you
And I'm still keeping your picture on my wall
I'm obssesed about how
How I can bring you back

My girl, you're my doll
Next to you, I feel so fortunate
You're my heart, you're my light
You are my everything, baby
Baby, I changed, yes, I changed
Can you forgive me?
'Cause I'm nothing, nothing
Not even a little thing without you

Yeah, how
How can I do?
Can't you believe
That I love you?
Yeah, how
How can I do without you?
Can't you see
That I'm crazy about you?

Yeah, how
How can I do?
Can't you believe, can't you believe
That I love you?
Yeah, how
How can I do without you?
Can't you see
I'm crazy
I'm crazy
I'm crazy
I'm crazy about you?
Crazy, crazy, crazy about you","The song ""How Can I Do"" by Anwar explores themes of love, longing, and desperation. The lyrics convey deep emotional vulnerability as the narrator expresses an intense attachment to a significant other, emphasizing that their existence feels meaningless without this person. The imagery of being a ""slave to your loving"" and feeling ""like a rock"" or ""weightlessness"" illustrates a profound sense of dependency and loss.

The narrator repeatedly questions how they can cope without their beloved, highlighting feelings of obsession and regret. They reflect on past attempts to communicate their feelings and seek forgiveness, indicating a desire for reconciliation. The repeated phrases ""how can I do?"" and ""can't you see that I'm crazy about you?"" reinforce the urgency and intensity of their emotions.

Overall, the song captures the turmoil of love lost and the struggle to regain a connection, making it relatable for anyone who has experienced similar feelings of heartache and longing. The imagery of keeping a picture on the wall and spending sleepless nights waiting for the other person adds to the emotional weight of the narrative."
I Wanna Be Yours,Arctic Monkeys,"I wanna be your vacuum cleaner
Breathin' in your dust
I wanna be your Ford Cortina
I will never rust
If you like your coffee hot
Let me be your coffee pot
You call the shots, babe
I just wanna be yours
Secrets I have held in my heart
Are harder to hide than I thought
Maybe I just wanna be yours
I wanna be yours, I wanna be yours
Wanna be yours
Wanna be yours
Wanna be yours
Let me be your 'leccy meter
And I'll never run out
Let me be the portable heater
That you'll get cold without
I wanna be your setting lotion (wanna be)
Hold your hair in deep devotion (how deep?)
At least as deep as the Pacific Ocean
I wanna be yours
Secrets I have held in my heart
Are harder to hide than I thought
Maybe I just wanna be yours
I wanna be yours, I wanna be yours
Wanna be yours
Wanna be yours
Wanna be yours
Wanna be yours
Wanna be yours
Wanna be yours
Wanna be yours
(Wanna be yours)
I wanna be your vacuum cleaner (wanna be yours)
Breathin' in your dust (wanna be yours)
I wanna be your Ford Cortina (wanna be yours)
I will never rust (wanna be yours)
I just wanna be yours (wanna be yours)
I just wanna be yours (wanna be yours)
I just wanna be yours (wanna be yours)
","The song ""I Wanna Be Yours"" by Arctic Monkeys explores themes of deep devotion and longing for intimacy. The lyrics express a desire to be an essential part of someone's life, using everyday objects as metaphors for love and commitment. The imagery is vivid and playful, with lines about wanting to be a vacuum cleaner, a coffee pot, and even a car, suggesting a willingness to serve and support the beloved in mundane yet meaningful ways.

Emotions conveyed in the song include yearning, vulnerability, and a sense of earnestness. The repetition of the phrase ""I wanna be yours"" emphasizes the speaker's longing for connection and the desire to be indispensable to their partner. The mention of secrets and the difficulty of hiding feelings adds a layer of emotional complexity, hinting at the struggles of expressing love.

Overall, the song captures a whimsical yet sincere approach to love, blending humor with heartfelt sentiment, making it relatable for anyone who has experienced the desire to be deeply intertwined with another person. This thematic richness can help retrieve the song in searches related to love, devotion, and the longing for closeness."
i like the way you kiss me,Artemas,"I like the way you kiss me
I like the way you –, uh

I like the way you kiss me, I can tell you miss me
I can tell it hits, hits, hits, hits
Not tryna be romantic, I'll hit it from the back
Just so you don't get attached (yes, yes, yes)

I like the way you kiss me, I can tell you miss me
I can tell it hits, hits, hits, hits
Not tryna be romantic, I'll hit it from the back
Just so you don't get attached (yes, yes, yes)

You bite my lip just for the taste
You're on your knees, I'm on the case
You take the heat and with such grace
You say, ""We're done,"" but here you stay

You said you're scared, I'll let you down (I'll let you down)
Just stick around and you'll find out (and you'll find out)
But don't you wanna make me proud? (So make me proud)
'Cause I'm so proud, baby, I'm so proud of you

I like the way you kiss me, I can tell you miss me
I can tell it hits, hits, hits, hits
Not tryna be romantic, I'll hit it from the back
Just so you don't get attached (yes, yes, yes)

I like the way you kiss me, I can tell you miss me
I can tell it hits, hits, hits, hits
Not tryna be romantic, I'll hit it from the back
Just so you don't get attached (yes, yes, yes)

Do I stress you out? Can I help you out?
Does it turn you on when I turn you around?
Can we make a scene? (Scene)
Can you make it loud? (Loud)
'Cause I'm so proud, baby, I'm so proud of you

So proud of you
Hmm, so proud of you

I like the way you kiss me, I can tell you miss me
I can tell it hits, hits, hits, hits
Not tryna be romantic, I'll hit it from the back
Just so you don't get attached (yes, yes, yes)

I like the way you kiss me, I can tell you miss me
I can tell it hits, hits, hits, hits
Not tryna be romantic, I'll hit it from the back
Just so you don't get attached (yes, yes, yes)

I like the way you kiss me
I like the way you –, uh","The song ""I Like the Way You Kiss Me"" by Artemas explores themes of physical attraction, intimacy, and the complexities of modern relationships. The lyrics convey a playful yet somewhat detached approach to romance, emphasizing a desire for connection without emotional attachment. 

The repeated phrase ""I like the way you kiss me"" highlights the physical chemistry between the two individuals, while the acknowledgment of missing each other adds a layer of longing. The imagery of kissing, biting lips, and intimate positions creates a sensual atmosphere, suggesting a passionate encounter.

The artist expresses a desire to keep things casual, stating, ""Not tryna be romantic, I'll hit it from the back / Just so you don't get attached,"" which reflects a contemporary attitude towards relationships where emotional ties are downplayed. There are moments of vulnerability, as the lyrics touch on fears of disappointment and the desire to make each other proud, indicating a deeper emotional connection beneath the surface.

Overall, the song captures a mix of playful flirtation and the tension between physical desire and emotional boundaries, making it relatable for listeners navigating similar situations in their own lives."
One Day / Reckoning Song (Wankelmut Remix) - Radio Edit,Asaf Avidan,"One day baby, we'll be old
Oh baby, we'll be old
And think of all the stories that we could have told

One day baby, we'll be old
Oh baby, we'll be old
And think of all the stories that we could have told

No more tears, my heart is dry
I don't laugh and I don't cry
I don't think about you all the time
But when I do, I wonder why

No more tears, my heart is dry
I don't laugh and I don't cry
I don't think about you all the time
But when I do, I wonder why

No more tears, my heart is dry
I don't laugh and I don't cry
I don't think about you all the time
But when I do, I wonder why

No more tears, my heart is dry
I don't laugh and I don't cry
I don't think about you all the time
But when I do, I wonder why

One day baby, we'll be old
Oh baby, we'll be old
And think of all the stories that we could have told

One day baby, we'll be old
Oh baby, we'll be old
And think of all the stories that we could have told

One day baby, we'll be old
Oh baby, we'll be old
And think of all the stories that we could have told

One day baby, we'll be old
Oh baby, we'll be old
And think of all the stories that we could have told

One day baby, we'll be old
Oh baby, we'll be old
And think of all the stories that we could have told

One day baby, we'll be old
Oh baby, we'll be old
And think of all the stories that we could have told

One day baby, we'll be old
Oh baby, we'll be old
And think of all the stories that we could have told

One day baby, we'll be old
Oh baby, we'll be old
And think of all the stories that we could have told

One day baby, we'll be old
Oh baby, we'll be old
Oh baby, we'll be old

One day baby, we'll be old
Oh baby, we'll be old
And think of all the stories that we could have told

One day baby, we'll be old
Oh baby, we'll be old
Oh baby, we'll be one

One day baby, we'll be old
Oh baby, we'll be old
And think of all the stories that we could have told

One day baby, we'll be old
Oh baby, we'll be old
And think of all the stories that we could have told

One day baby, we'll be old
Oh baby, we'll be old
Oh baby, we'll be old

One day baby, we'll be old
Oh baby, we'll be old
And think of all the stories that we could have told

One day baby, we'll be old
Oh baby, we'll be old
And think of all the stories that we could have told","The song ""One Day / Reckoning Song (Wankelmut Remix)"" by Asaf Avidan explores themes of nostalgia, reflection, and the passage of time. The lyrics convey a sense of longing for the future, as the narrator imagines a time when they and their partner will be old, reminiscing about the stories they could have shared. This imagery evokes a bittersweet feeling, highlighting both the potential for cherished memories and the weight of unfulfilled experiences.

Emotionally, the song captures a sense of resignation and acceptance, as the narrator expresses a state of emotional detachment—""no more tears, my heart is dry."" Despite this emotional numbness, there is an underlying curiosity and questioning about the past relationship, as indicated by the repeated line, ""I wonder why."" This duality of feeling—between moving on and reflecting on what was—creates a poignant atmosphere throughout the song.

Overall, the song's repetitive structure emphasizes the inevitability of aging and the importance of the stories we create in our lives, making it a reflective piece on love, loss, and the passage of time. It is suitable for thematic searches related to nostalgia, love, emotional reflection, and the complexities of relationships over time."
Lost Horse,Asaf Avidan,"Love, love, love, love

All my body's undulating
Back and forth but it's too late and
There's no cure and no sedating
All this pain we're generating
This prolonged, insane, grotesque thing
That we wrongly have been naming ""love""
Honey, this ain't love, no

Pretty soon, I will be feeding
On the taps your little feet in
Silver boots make when they're fleeing town
And I can't get around to being
Much surprised by memories speeding
On the road on which we're bleeding
Love
Honey, this ain't love

I want you to hold me
Perpendicularly only
A sundial for the gods
We were born, born to fail
I want you to hold me
Perpendicularly only
A sundial for the gods
We were born, born to fail

It's raining cats and dogs and lightning
Strikes my heart and sheds some light on
To the fact it ain't so frightening
How there hasn't been your pretty sight in
So much time, my teeth are whitening
From the blood we shed while biting
Love
Honey, this ain't love

I want you to hold me
Perpendicularly only
A sundial for the gods
We were born, born to fail
I want you to hold me
Perpendicularly only
A sundial for the gods
We were born, born to fail

I want you to hold me
Perpendicularly only
A sundial for the gods
We were born, born to fail

Only
Born to fail

I want you to hold me
Perpendicularly only
A sundial for the gods
We were born, born to fail

Love, love, love, love, love","The song ""Lost Horse"" by Asaf Avidan explores complex themes of love, pain, and disillusionment. The lyrics convey a sense of emotional turmoil, highlighting the distinction between genuine love and a toxic relationship that the narrator perceives as a grotesque mislabeling of their experience. The imagery of undulating bodies and memories speeding down a bleeding road evokes a visceral sense of struggle and heartache.

The repeated phrase ""Honey, this ain't love"" emphasizes the narrator's realization that what they are experiencing is not true love, but rather a painful cycle of emotional suffering. The desire for physical connection is juxtaposed with a sense of futility, as expressed in the lines about wanting to be held ""perpendicularly,"" suggesting a longing for a connection that feels both intimate and yet fundamentally flawed.

The song also incorporates vivid weather imagery, such as ""raining cats and dogs"" and ""lightning strikes,"" which symbolize the chaos and intensity of the narrator's feelings. The mention of ""a sundial for the gods"" adds a layer of existential reflection, hinting at the inevitability of failure in their relationship.

Overall, the song captures a blend of longing, despair, and the harsh reality of love that is intertwined with pain, making it a poignant exploration of romantic disillusionment. This thematic depth and emotional complexity can help retrieve the song for questions related to love, heartbreak, and the darker sides of relationships."
Moral of the Story (feat. Niall Horan) - Bonus Track,Ashe,"Oh-oh, oh-oh-oh
Oh-oh, oh-oh-oh

So, I never really knew you
God, I really tried to
Blindsided, addicted
Thought we could really do this
But really, I was foolish
Hindsight, it's obvious

Talking with my lawyer
She said, ""Where'd you find this guy?""
I said, ""Young people fall in love
With the wrong people sometimes""

Some mistakes get made
That's alright, that's okay
You can think that you're in love
When you're really just in pain
Some mistakes get made
That's alright, that's okay
In the end, it's better for me
That's the moral of the story, babe

(Oh-oh, oh-oh-oh)
(Oh-oh, oh-oh-oh)

It's funny how a memory
Turns into a bad dream
When running wild turns volatile
It's not funny how it changes
Ended up like strangers
We burned down a paper house

Talking with your father
He said that you could be mine
But some people fall in love
With the wrong people sometimes

Some mistakes get made
That's alright, that's okay
You can think that you're in love
When you're really just in pain
Some mistakes get made
That's alright, that's okay
In the end, it's better for me
That's the moral of the story, babe

(Oh-oh, oh-oh-oh)
(Oh-oh, oh-oh-oh)
(Oh-oh, oh-oh-oh)
(Oh-oh, oh-oh-oh)

They say it's better to have loved and lost
Than never to have loved at all
That could be a load of shit
But I just need to tell you all

Some mistakes get made
That's alright, that's okay
You can think that you're in love
When you're really just engaged
Some mistakes get made
That's alright, that's okay
In the end, it's better for me
That's the moral of the story

Some mistakes get made
That's alright, that's okay
You can think that you're in love
When you're really just in pain
Some mistakes get made
That's alright, that's okay
In the end, it's better for me
That's the moral of the story, babe

(Oh-oh, oh-oh-oh) you can think that you're in love
(Oh-oh, oh-oh-oh)
(Oh-oh, oh-oh-oh)
(Oh-oh, oh-oh-oh)
(Oh-oh, oh-oh-oh)
(Oh-oh, oh-oh-oh)","The song ""Moral of the Story"" by Ashe, featuring Niall Horan, explores themes of love, heartbreak, and personal growth. The lyrics reflect a journey of realization and self-discovery following a tumultuous relationship. The narrator expresses feelings of confusion and regret, acknowledging that they were blinded by love and made mistakes. 

Key emotions include sadness, nostalgia, and a sense of acceptance. The imagery of memories turning into nightmares and the metaphor of a ""burned down paper house"" illustrate the fragility of relationships and the pain of disillusionment. The narrator also engages in conversations with a lawyer and a father figure, highlighting the societal expectations and pressures surrounding love.

The refrain emphasizes that while mistakes are a part of life, they ultimately lead to personal growth and understanding. The repeated line, ""that's alright, that's okay,"" serves as a mantra of resilience, suggesting that even painful experiences can lead to better outcomes. The song concludes with a reflection on the complexities of love, questioning the adage that it's better to have loved and lost, while ultimately affirming that the lessons learned are valuable.

Overall, the song captures the bittersweet nature of love and the importance of learning from past experiences, making it relatable for anyone who has faced similar situations in their romantic life."
Everybody's Got a Secret,AWOLNATION,"I'll never tell, no one can see
I pay no mind to what they think
I count the days you've been asleep
I pay no mind to what they think

If I don't tell the soul, then the world shouldn't mind?
And maybe guard my love to the grave

But I got a secret (got a secret)
Everybody's got a secret
Something good should come from all the rain

Ooh, got caught in thought, with two red hands
With two left feet, at second glance
I'm fixing a friend with friendly speech
I pay no mind to what they think

If I don't tell a soul, then the world shouldn't mind?
And maybe guard my love to the grave

But I got a secret (got a secret)
Everybody's got a secret
Something good should come from all the rain

Somebody believe
Me
Somebody believe
Me
Somebody believe in
Me
Somebody believe in
Me

If I don't tell a soul, then the world shouldn't mind?
And maybe guard my love to the grave

But I got a secret (got a secret)
Everybody's got a secret
Something good should come from all the rain","The song ""Everybody's Got a Secret"" by AWOLNATION explores themes of secrecy, personal struggles, and the desire for understanding and connection. The lyrics convey a sense of introspection, as the narrator grapples with the weight of their hidden truths and the notion that everyone harbors their own secrets. 

Emotions of isolation and vulnerability are prevalent, as the narrator expresses a reluctance to share their feelings, suggesting that keeping secrets is a common human experience. The imagery of ""two red hands"" and ""two left feet"" evokes a sense of clumsiness and confusion, reflecting the internal conflict of wanting to be understood while also feeling misunderstood.

The repeated plea for someone to believe in the narrator highlights a deep yearning for validation and support. The line ""something good should come from all the rain"" suggests hope and the possibility of growth or positive outcomes despite the struggles represented by the metaphorical rain.

Overall, the song captures the complexity of human emotions related to secrecy, the longing for connection, and the hope for redemption or understanding amidst personal challenges. This thematic richness makes it relevant for discussions about vulnerability, the nature of secrets, and the search for acceptance."
Sweet Forgiveness,Barbra Streisand,"4 a.m., another sleepless night
Each weary word I write, a tear on the page
Here I am, asking myself again
Why does this love we're in stay just out of reach?

Tell me why we never get the balance
Just exactly right, we scream across the distance
From our separate sides
And wonder when did passion turn to pride?

You and I, two lives, one heart
Believing every day will be the day
When sweet forgiveness starts

I need you to let me stand alone
To call my life my own, yet stand by my side
I know I don't let you know enough
Don't let love show enough, don't let you be strong

Oh, tell me why we never get surrender
Just exactly right, we never can remember
There's another side
That lies between the passion and the pride

You and I, two lives, one heart
One leap of faith away
We stay until the sweet forgiveness starts

Walls, we built these very walls
Where my shadow falls alone
And doors between my life and yours
Open them before everything is gone
Sweet forgiveness, touch me before dawn

You and I, two lives, one heart
We keep the dream alive
Surviving 'til the sweet forgiveness starts","The song ""Sweet Forgiveness"" by Barbra Streisand explores themes of love, longing, and the struggle for reconciliation in a relationship. The lyrics convey a deep sense of emotional turmoil, as the narrator reflects on sleepless nights filled with tears and the persistent feeling of love being just out of reach. 

Imagery of distance and separation is prevalent, with references to ""screaming across the distance"" and ""walls"" that have been built between the two lovers. The narrator grapples with the tension between passion and pride, questioning why they cannot find the balance needed for a fulfilling connection. 

Emotions of yearning and vulnerability are highlighted, as the narrator expresses a desire for both independence and closeness, seeking to let their partner stand strong while also needing support. The repeated mention of ""sweet forgiveness"" symbolizes hope for healing and renewal in their relationship, suggesting that they are on the brink of a breakthrough.

Overall, the song captures the complexities of love, the challenges of communication, and the longing for understanding and forgiveness, making it a poignant reflection on the human experience in romantic relationships."
meant to be,bbno$,"You say you love me, but you just wanna be friends with me
You say you love me, but your work took all your energy
You never listen when I just need an apology
I read our book, this chapter's closing, now we're history

You just took like 20 thousand hours from my life, so
I deleted all our pictures off my fuckin' drive, sorry
Thank you for this song, you broke my heart, and it's alright
'Cause if it's meant to be, it's meant to be

Right one, wrong time
Today's a good day to say goodbye
I was bad to you, you were worse to me
But baby, we just ain't meant to be

Fool me once, fool me twice
Shame on me for the last time
I was bad to you, you were worse to me
Well, baby, we just ain't meant to be

Gave you all my love and all my trust and my affection
Sorry, ain't enough and you seeked out way more attention
We was playin' games when we was sittin' in different sections
And now I got your stalker, and he's cloudin' up my mentions

You just took like 20 thousand hours from my life, so
I deleted all our pictures off my fuckin' drive, sorry
Thank you for this song, you broke my heart, and it's alright
'Cause if it's meant to be, it's meant to be

Right one, wrong time
Today's a good day to say goodbye
I was bad to you, you were worse to me
But baby, we just ain't meant to be

Fool me once, fool me twice
Shame on me for the last time
I was bad to you, you were worse to me
But baby, we just ain't meant to be

But baby, this is just how it has to be
But baby, this is just how it has to be","The song ""Meant to Be"" by bbno$ explores themes of heartbreak, unreciprocated love, and the realization of a relationship's end. The lyrics convey a sense of frustration and disappointment, as the narrator reflects on a love that was never fully realized, with the partner expressing affection but ultimately prioritizing friendship and work over the relationship. 

Emotions of sadness and resignation permeate the song, as the narrator acknowledges the time lost and the pain caused by the partner's lack of commitment and attention. Imagery of deleting memories, such as pictures, signifies a desire to move on and let go of the past. The repeated phrase ""if it's meant to be, it's meant to be"" encapsulates a sense of acceptance, suggesting that despite the hurt, the narrator understands that some relationships are not destined to last.

Situations depicted include the narrator feeling undervalued and manipulated, with references to emotional games and the presence of a ""stalker"" indicating complications that arose from the relationship. The overall tone balances between bitterness and a bittersweet acceptance of fate, highlighting the complexities of love and timing. This song would resonate with listeners experiencing similar feelings of heartbreak and the struggle to let go of a relationship that wasn't meant to be."
boom,bbno$,"(Uh-uh-uh, uh-uh-uh-uh-uh)
Boom, boom, boom, boom, boom, boom
(Uh-uh-uh, uh-uh-uh-uh)
(Uh-uh-uh, uh-uh-uh-uh-uh)
Boom, boom, boom, boom, boom, boom
(Uh-uh-uh-uh, uh-uh)
She got that boom, boom
Boom, boom, boom, boom, boom, boom
And now I make her room boom
Boom, boom, boom, boom, boom, boom
She told me, ""Come back soon"", boom
Boom, boom, boom, boom, boom, boom
We on that boom, boom, boom
Boom, boom, boom, boom, boom, boom
Come get that boom
Boom, boom, boom, boom, boom, boom
Come get that boom
Boom, boom, boom, boom, boom, boom
Come get that
Tossin' her, like, it's a lot of
She took my whole enchilada
What you need, I got a lot of
Make her sing like ""la-di-da-da"" (bitch)
On my mama, I ain't gonna stop until I'm rich (rich)
Got that money on my body, and it's really rich
2K on my boots and now she tryna toss a bouquet
I drop 2K from my suitcase and she gargle me like toothpaste
Saw that ass and I said ""touché""
Fuck the Klan unless it's Wu-Tang
Fuck your man, he's just a pussy
I La Roche inside her Posay
She got that boom, boom
Boom, boom, boom, boom, boom, boom
And now I make her room boom
Boom, boom, boom, boom, boom, boom
She told me, ""Come back soon"", boom
Boom, boom, boom, boom, boom, boom
We on that boom, boom, boom
Boom, boom, boom, boom, boom, boom
Come get that boom
(Uh-uh-uh, uh-uh-uh-uh)
Boom, boom, boom, boom, boom, boom
(Uh-uh-uh, uh-uh-uh-uh)
Come get that boom
(Uh-uh-uh, uh-uh-uh-uh)
Boom, boom, boom, boom, boom, boom
(Uh-uh-uh, uh-uh-uh-uh)
Come get that boom
Clack, clack, clack, clack, clack
She on my left yelling, ""Ooh, I like that, that, that""
Ja, ja, das ist gut, ahuh
New girl, she from Germany
Said she like my accent, she ain't heard of me
Play it right and she'll be permany
Baby went Euro, that's foreign currency
Pop out on the spot like boom
Shawty say she wanna boom
When I boom, then you boom
Baby, make it boom, boom
Get up out the way like boom
Let me hear you say it, boom
When I boom, then you boom
She got that boom, boom
Boom, boom, boom, boom, boom, boom
And now I make her room boom
Boom, boom, boom, boom, boom, boom
She told me, ""Come back soon"", boom
Boom, boom, boom, boom, boom, boom
We on that boom, boom, boom
Boom, boom, boom, boom, boom, boom
Come get that boom
(Uh-uh-uh, uh-uh-uh-uh)
Boom, boom, boom, boom, boom, boom
(Uh-uh-uh, uh-uh-uh-uh)
Come get that boom
(Uh-uh-uh, uh-uh-uh-uh)
Boom, boom, boom, boom, boom, boom
(Uh-uh-uh, uh-uh-uh-uh)
Come get that
♪
","The song ""Boom"" by bbno$ revolves around themes of attraction, desire, and playful confidence. The lyrics convey a sense of fun and flirtation, with a focus on physical chemistry and the excitement of romantic encounters. The repeated use of ""boom"" serves as a catchy hook, symbolizing both the impact of the relationship and the energetic vibe of the music.

Emotionally, the song captures a carefree and exuberant spirit, celebrating the thrill of new connections and the pleasures of life. The imagery includes references to luxury and wealth, with mentions of money and high-end fashion, suggesting a lifestyle of indulgence and success. The artist also incorporates playful wordplay and cultural references, adding a layer of humor and personality to the narrative.

Situationally, the lyrics depict a lively atmosphere where the protagonist engages with a romantic interest, emphasizing spontaneity and enjoyment. The recurring invitation to ""come get that boom"" reinforces the idea of seizing the moment and embracing the excitement of attraction.

Overall, ""Boom"" is characterized by its upbeat tempo, catchy phrases, and a lighthearted approach to themes of romance and self-assuredness, making it a fitting choice for listeners seeking songs about flirtation and vibrant relationships."
1-800,bbno$,"
Still on that (one, eight, zero, zero, he's so handsome, he's my hero)
(One, eight, zero, zero)
Still on that 1-800, hit me up for a good time
My shit bumps 'til it push me outta line
You can't spell my name without the dollar sign
Rainbow money, take whatever, yes, I'm colorblind
(One, eight, zero, zero, he's so handsome, he's my hero)
(One, eight, zero, zero) it's that 1-800, hit my line
(One, eight, zero, zero, he's so handsome, he's my hero)
(One, eight, zero, zero) let me 1-800, blow your mind
Eight wheels in the front, they some big toys
2025, it's the year of the it boy
Got a lil' money, yeah, got a lil' Bitcoin
She, she, she, she makin' me real coy
Never stoop too low, I don't sip Dunkin'
Quite nice stop, I ain't talkin' no muffin
On a first date, stay trauma dumpin'
Blah, blah, blah, like somethin', somethin'
One pump, two pump, three pump
The way she workin' that shit, she left me comatose (uh)
Three plus six is nine, this baby ain't talkin' 'bout tic-tac-toe
Uh, she a lil' freak, I guess I'm an animal, E-I-E-I-O
Two steppin' like Cotton Eye Joe (uh, bbno$)
Don't fuck this shit up for me
Don't fuck this shit up for me
Don't fuck this shit up for me
Please, please, please, please
Don't fuck this shit up for me
Don't fuck this shit up for me
Don't fuck this shit up for me
Please, please, please
Still on that 1-800, hit me up for a good time
My shit bumps 'til it push me outta line
You can't spell my name without the dollar sign
Rainbow money, take whatever, yes, I'm colorblind
(One, eight, zero, zero, he's so handsome, he's my hero)
(One, eight, zero, zero) it's that 1-800, hit my line
(One, eight, zero, zero, he's so handsome, he's my hero)
(One, eight, zero, zero) let me 1-800, blow your mind
Dick, dick, dick, dick, dick, dick
Yeah, dick real deadly, do a lil' damage
Got, like, 20 children, Nick Cannon
Fuck, I'm sexy, snap like sandwich
Hit a double threesome, ride a tandem
Got good DNA, shawty thick, got TNA
I'm makin' moves, no POA
Ain't bustin' quick, no ETA
It's either she or maybe her, I cannot pick, pick, pick, pick, pick
I got that Rolie Polie Olie, it go tick, tick, tick, tick, tick
I'm at the Nino playin' blackjack, always hit, hit, hit, hit, hit
If baby's broke, he's only doin' it for the bit, bit, bit, bit, bit
Don't fuck this shit up for me
Don't fuck this shit up for me
Don't fuck this shit up for me
Please, please, please, please
Don't fuck this shit up for me
Don't fuck this shit up for me
Don't fuck this shit up for me
Please, please, please
Still on that 1-800, hit me up for a good time
My shit bumps 'til it push me outta line
You can't spell my name without the dollar sign
Rainbow money, take whatever, yes, I'm colorblind
(One, eight, zero, zero, he's so handsome, he's my hero)
(One, eight, zero, zero) it's that 1-800, hit my line
(One, eight, zero, zero, he's so handsome, he's my hero)
(One, eight, zero, zero) let me 1-800, blow your mind

One, eight, zero, zero (yup)
","The song ""1-800"" by bbno$ explores themes of confidence, flirtation, and the pursuit of pleasure. The lyrics convey a playful and carefree attitude, emphasizing a desire for fun and good times, as indicated by the repeated invitation to ""hit me up for a good time."" The imagery of ""rainbow money"" and references to wealth, such as the dollar sign in his name, highlight a sense of financial freedom and indulgence.

Emotionally, the song balances a lighthearted vibe with moments of vulnerability, particularly in the repeated plea, ""Don't fuck this shit up for me,"" suggesting a fear of jeopardizing a good connection or experience. The lyrics also touch on themes of attraction and desire, with references to physical intimacy and flirtation, creating a playful and slightly provocative tone.

Situationally, the song captures a modern dating scene filled with casual encounters and playful banter, as well as the excitement of new relationships. The use of humor and clever wordplay, such as the mention of ""20 children, Nick Cannon,"" adds a whimsical touch to the narrative.

Overall, ""1-800"" is characterized by its upbeat tempo, catchy hooks, and a blend of confidence and vulnerability, making it a vibrant anthem for those seeking enjoyment and connection in a contemporary context."
Cry,Benson Boone,"I tried to hide it through the silence while I played along
I'm welling up behind my eyelids when I'm holding on
To the reigns, so badly I hate it
And I wish that all of—
Nah, nah, nah, that doesn't feel right
Maybe, uh, speed it up
Yeah, that's nice

I really hate the way you think that you can get away
By blaming all your stupid problems on your mental state
I'm tired of burnt-out lies, oh
Ooh
You think you know me, but you hardly even know yourself
I'd bite my tongue and let you think I only wish you well
I don't, I know you know it
Ooh

And I'm tired of letting someone get the best of me, so go ahead and

Cry, cry
Go ahead and ruin someone else's life
Cry, cry
Go bug somebody else, so I can sleep at night

Mmm, you're more narcissistic than anybody in Hollywood
You're not a misfit, don't keep sayin' you're misunderstood
I'm tired, oh, I'm so tired, oh
Ooh
And maybe you're the honest type
And it's been me the whole damn time
I should really try to calm my mind and see things from your side
Or, maybe you can

Cry, cry
Go ahead and ruin someone else's life
Cry, cry
Go bug somebody else so I can sleep at night

Cry, cry
Go ahead and ruin someone else's life
Cry, cry
And I'm tired of letting someone get the best of me, so go ahead and

Cry, cry
Go ahead and ruin someone else's—","The song ""Cry"" by Benson Boone explores themes of emotional exhaustion, frustration, and self-assertion in the face of toxic relationships. The lyrics convey a sense of weariness from dealing with someone who projects their problems onto others, particularly highlighting the speaker's struggle to maintain composure while feeling overwhelmed by the other person's narcissism and emotional manipulation.

Imagery in the song reflects internal conflict, with the speaker trying to hide their feelings behind a facade of silence and compliance. The repeated phrase ""cry, cry"" serves as both a dismissal of the other person's emotional outbursts and a declaration of the speaker's desire to reclaim their peace of mind. The speaker expresses a longing to break free from the cycle of emotional turmoil, indicating a shift from passive acceptance to active resistance.

Overall, the song captures a blend of frustration and empowerment, as the speaker resolves to no longer let someone else's issues dictate their emotional state. The emotional tone ranges from exasperation to a sense of liberation, making it relatable for anyone who has felt trapped in a draining relationship. This thematic depth can help retrieve the song for questions related to emotional struggles, toxic relationships, and personal empowerment."
Beautiful Things,Benson Boone,"For a while there it was rough
But lately, I've been doin' better
Than the last four cold Decembers I recall

And I see my family every month
I found a girl my parents love
She'll come and stay the night
And I think I might have it all

And I thank God every day
For the girl he sent my way
But I know the things he gives me
He can take away
And I hold you every night
That's a feeling I wanna get used to
But there's no man as terrified
As the man who stands to lose you

Oh, I hope I don't lose you
Mm
Please stay
I want you, I need you, oh God
Don't take
These beautiful things that I've got

Please stay
I want you, I need you, oh God
Don't take
These beautiful things that I've got
Oh-oh-oh-oh, oh, oh

Please don't take

I found my mind, I'm feelin' sane
It's been a while, but I'm finding my faith
If everything's good and it's great
Why do I sit and wait 'til it's gone?
Oh, I'll tell ya, I know I've got enough
I've got peace and I've got love
But I'm up at night thinkin'
I just might lose it all

Please stay
I want you, I need you, oh God
Don't take
These beautiful things that I've got
Oh-oh-oh-oh, oh, oh

Please stay
I want you, I need you, oh God
I need
These beautiful things that I've got","The song ""Beautiful Things"" by Benson Boone explores themes of gratitude, love, and the fear of loss. The lyrics reflect a journey from a difficult past to a more hopeful present, highlighting the singer's emotional growth and newfound stability. The imagery of cold Decembers contrasts with the warmth of family connections and romantic love, emphasizing the importance of these relationships in the singer's life.

The emotions conveyed are a mix of joy and anxiety; while the singer expresses appreciation for the positive aspects of life, such as a loving partner and supportive family, there is an underlying fear of losing these ""beautiful things."" The repeated pleas for the loved one to stay illustrate a deep vulnerability and a desire to hold onto happiness amidst the uncertainty of life.

Overall, the song captures the delicate balance between cherishing what one has and the anxiety that comes with the possibility of losing it, making it relatable for anyone who has experienced love and the fear of its impermanence. This thematic richness can help in retrieving the song for questions related to love, gratitude, and the complexities of emotional security."
Ghost Town,Benson Boone,"You fill me up 'til you're empty
I took too much and you let me
We've been down all these roads before
And what we found don't live there anymore

It's dark, it's cold
If my hand is not the one you're meant to hold

Maybe you'd be happier with someone else
Maybe loving me's the reason you can't love yourself
Before I turn your heart into a ghost town
Show me everything we built, so I can tear it all down
Down
Down, down, down

You know I'll stay, don't you tempt me
But all this weight is getting heavy
Been holding up what wasn't meant to stand
I turned this love into a wasteland

It's dark, it's cold
If my hand is not the one you're meant to hold

Maybe you'd be happier with someone else
Maybe loving me's the reason you can't love yourself
Before I turn your heart into a ghost town
Show me everything we built, so I can tear it all down
Down
Down, down, down
Tear it all down
Down
Down, down, down

The streets are empty
Where love once was but it's faded away
These broken memories
I'm left here alone and afraid to say
Maybe you'd be happier with someone else
Oh-oh-oh

Maybe you'd be happier with someone else
Maybe loving me's the reason you can't love yourself
Before I turn your heart into a ghost town
Show me everything we built, so I can tear it all down
Down
Down, down, down
Tear it all down
Down
Down, down, down

I'll tear it all down

I'll tear it all down","The song ""Ghost Town"" by Benson Boone explores themes of love, loss, and emotional turmoil. The lyrics convey a sense of emptiness and despair in a relationship that has deteriorated over time. The imagery of a ""ghost town"" symbolizes a once-vibrant love that has faded into desolation, reflecting feelings of abandonment and loneliness.

The narrator grapples with the weight of their relationship, expressing a desire to understand the remnants of what they built together, only to feel compelled to dismantle it. There is a poignant acknowledgment that perhaps the other person would be happier with someone else, suggesting self-doubt and the struggle for self-acceptance. The repeated references to darkness and coldness evoke a sense of isolation and emotional heaviness.

Overall, the song captures the painful realization of a love that has turned into a wasteland, filled with broken memories and a longing for connection, while also confronting the possibility of letting go for the sake of both individuals' happiness. The emotional depth and vivid imagery make it a powerful reflection on the complexities of love and the fear of losing oneself in a relationship."
Momma Song,Benson Boone,"Momma, I'm missing home
And California's getting colder
And colder, and colder
I miss you
Momma, I'm getting old
Does that mean you're getting older?
And older, and older
I miss you

Momma, don't you know
There's nothing to be sorry about?
I'm so proud of all you've done

Take me down your old street
Tell me your memories of when you were young
And when you fell in love
Drive me through the country
Tell me your story
And you can play all of your favorite songs

'Cause I'm gonna need this
When I'm holding pictures of you and that's all that I've got left
All that I've got left
All that I've got left

Lately, it's getting hard
I've started looking like my father
And it makes me cry a little bit

'Cause he really should've made it big
'Cause, damn, he's good at everything
And everything I am is because of you
I'm a man because of you

Take me down your old street
Tell me your memories of when you were young
And when you fell in love
Drive me through the country
Tell me your story
And you can play all of your favorite songs

'Cause I'm gonna need this
When I'm holding pictures of you and that's all that I've got left
All that I've got left
All that I've got left
All that I've got left","The song ""Momma Song"" by Benson Boone explores themes of nostalgia, longing, and familial love. The lyrics convey a deep emotional connection between the speaker and their mother, expressing feelings of homesickness and the passage of time. The imagery of California's coldness symbolizes the speaker's emotional distance from home and the warmth of their mother's presence.

The speaker reflects on growing older and the inevitable aging of their mother, highlighting a sense of vulnerability and the bittersweet nature of life. There is a poignant acknowledgment of the mother's influence on the speaker's identity, emphasizing pride in her accomplishments and the impact she has had on their life.

The desire to revisit cherished memories is a central motif, as the speaker asks to be taken down familiar streets and hear stories from their mother's youth. This longing for connection is underscored by the mention of holding onto pictures, suggesting a fear of losing those memories and the people associated with them.

Overall, the song captures a blend of sadness and gratitude, as the speaker navigates their feelings of missing home and the complexities of growing up, while celebrating the enduring bond with their mother. This emotional depth and vivid imagery make it a poignant reflection on family and the passage of time."
Happier Than Ever - Edit,Billie Eilish,"You called me again, drunk in your Benz
Driving home under the influence
You scared me to death, but I'm wasting my breath
'Cause you only listen to your friends
I don't relate to you
I don't relate to you, no
'Cause I'd never treat me this sh-
You made me hate this city

And I don't talk sh- about you on the internet
Never told anyone anything bad
'Cause that sh- embarrassing, you were my everything
And all that you did was make me sad
So don't waste the time I don't have
Don't try to make me feel bad
I could talk about every time that you showed up on time
But I'd have an empty line, 'cause you never did
Never paid any mind to my mother or friends, so I
Shut 'em all out for you 'cause I was a kid

You ruined everything good
Always said you were misunderstood
Made all my moments your own
Just f- leave me alone","The song ""Happier Than Ever"" by Billie Eilish explores themes of heartbreak, disillusionment, and self-empowerment. The lyrics convey a sense of frustration and emotional turmoil stemming from a toxic relationship. The narrator reflects on the pain caused by a partner who is self-centered and dismissive, highlighting feelings of betrayal and sadness.

Imagery in the song includes the partner's reckless behavior, such as driving under the influence, which evokes a sense of danger and instability. The narrator expresses a deep sense of isolation, feeling that they cannot relate to the partner or their friends, and emphasizes the emotional toll of the relationship by stating that it made them ""hate this city.""

The emotional tone shifts from vulnerability to empowerment as the narrator asserts their independence, declaring they won't waste time on someone who has caused them pain. The lyrics also touch on themes of embarrassment and the struggle to move on, as the narrator grapples with the memories of a once-cherished relationship that has turned sour.

Overall, the song captures the complexity of love and loss, the journey towards self-acceptance, and the desire to break free from a harmful connection. It resonates with listeners who have experienced similar feelings of betrayal and the quest for personal happiness."
Happier Than Ever,Billie Eilish,"When I'm away from you
I'm happier than ever
Wish I could explain it better
I wish it wasn't true
Give me a day or two
To think of something clever
To write myself a letter
To tell me what to do
Do you read my interviews?
Or do you skip my avenue?
When you said you were passin' through
Was I even on your way?
I knew when I asked you to
Be cool about what I was tellin' you
You'd do the opposite of what you said you'd do
And I'd end up more afraid
Don't say it isn't fair
You clearly weren't aware
That you made me miserable
So if you really wanna know
When I'm away from you
I'm happier than ever
Wish I could explain it better
I wish it wasn't true
You call me again, drunk in your Benz
Drivin' home under the influence
You scared me to death but I'm wastin' my breath
'Cause you only listen to your fuckin' friends
I don't relate to you
I don't relate to you, no
'Cause I'd never treat me this shitty
You made me hate this city
And I don't talk shit about you on the internet
Never told anyone anything bad
'Cause that shit's embarrassing, you were my everything
And all that you did was make me fuckin' sad
So don't waste the time I don't have
And don't try to make me feel bad
I could talk about every time that you showed up on time
But I'd have an empty line 'cause you never did
Never paid any mind to my mother or friends
So I shut 'em all out for you 'cause I was a kid
You ruined everything good
Always said you were misunderstood
Made all my moments your own
Just fuckin' leave me alone","The song ""Happier Than Ever"" by Billie Eilish explores themes of emotional turmoil, heartbreak, and self-discovery. The lyrics convey a sense of relief and newfound happiness when the narrator is away from a toxic relationship, despite the pain of acknowledging that this happiness comes from separation. The narrator expresses frustration and disappointment towards a partner who has been inconsiderate and dismissive, highlighting feelings of betrayal and sadness.

Imagery in the song includes references to communication struggles, such as writing letters and interviews, which symbolize the narrator's desire for clarity and understanding. The emotional weight of the relationship is emphasized through vivid descriptions of fear and resentment, particularly in the lines about the partner's reckless behavior and lack of regard for the narrator's feelings.

The narrator reflects on the sacrifices made for the relationship, feeling that their own needs were neglected. The repeated assertion of being ""happier than ever"" serves as a powerful declaration of independence and self-worth, contrasting the earlier emotional pain. Overall, the song captures the complexity of moving on from a relationship that was once central to the narrator's life, ultimately leading to a sense of empowerment and self-acceptance. 

This summary highlights the song's exploration of toxic relationships, emotional liberation, and the journey towards self-empowerment, making it relevant for thematic searches related to heartbreak, personal growth, and emotional resilience."
Skinny Love,Birdy,"Come on, skinny love, just last the year
Pour a little salt, we were never here
My, my, my, my, my, my, my, my, my, my, my
Staring at the sink of blood and crushed veneer

Tell my love to wreck it all
Cut out all the ropes and let me fall
My, my, my, my, my, my, my, my, my, my, my
Right at the moment, this order's tall

And I told you to be patient
And I told you to be fine
And I told you to be balanced
And I told you to be kind

And in the morning, I'll be with you
But it will be a different kind
'Cause I'll be holding all the tickets
And you'll be owning all the fines

Come on skinny love, what happened here?
Suckle on the hope in light brassiere
My, my, my, my, my, my, my, my, my, my, my
Sullen load is full, so slow on the split

And I told you to be patient
And I told you to be fine
And I told you to be balanced
And I told you to be kind

And now, all your love is wasted
Then who the hell was I?
'Cause now I'm breaking at the bridges
And at the end of all your lies

Who will love you?
Who will fight?
And who will fall far behind?

Come on skinny love

My, my, my, my, my, my, my, my, my, my, my
My, my, my, my, my, my, my, my, my, my, my","""Skinny Love"" by Birdy explores themes of heartbreak, longing, and emotional turmoil within a fragile relationship. The lyrics convey a sense of desperation and vulnerability, as the narrator pleads for their partner to hold on despite the challenges they face. Imagery of physical and emotional pain is present, with references to ""blood and crushed veneer,"" symbolizing the damage done to their love.

The song captures feelings of regret and disappointment, as the narrator reflects on the expectations of patience, kindness, and balance that were not met. There is a poignant sense of loss, as the narrator questions their worth and the future of the relationship, asking who will truly care and fight for love. The repeated refrain of ""my, my, my"" emphasizes a deep emotional resonance, highlighting the weight of their feelings.

Overall, ""Skinny Love"" evokes a melancholic atmosphere, portraying the struggle to maintain love in the face of adversity and the pain of realizing that it may not survive. This makes it a powerful anthem for anyone grappling with the complexities of love and loss."
Melody X,Bonaparte,"Now you look for love in the times of hate
How many swipes for a blow of fate
You keep the light on
You keep the light on
You keep the night light on

Every day is like the same old song
Until everything right goes wrong
You keep the light on
You keep the light on
You keep the night light on

Hold your broken dream up high
Oh you know you try
Oh you know you try
It's the worst case scenario lullaby

And then the rent is just a little too late
Ain't gonna be no birthday cake
You keep the light on
You keep the light on
You keep the night light on

Hold your broken dream up high
Oh you know you try
Oh you know you try
It's the worst case scenario lullaby
Oh you know you try
Oh you know you try
It's the worst case scenario lullaby

Even if the cops come and knock on your door
And the pills spill out on the floor
You keep the light on
You keep the light on
You keep the night light on

Hold your broken dream up high
Oh you know you try
Oh you know you try
It's the worst case scenario lullaby

Something's gotta change
Something's gotta change
Hold on
Hold on
Hold on to something good

Something's gotta change
Something's gotta change
Hold on
Hold on
Hold on to something good

Try to sooth yourself to sleep my dear
You know this whole mess is born from fear
You keep the light on
You keep the light on
Keep the night light on

Keep the light on
The light on
The night light on","The song ""Melody X"" by Bonaparte explores themes of love, struggle, and resilience in the face of adversity. The lyrics depict a sense of searching for connection and hope during challenging times, symbolized by the repeated phrase ""you keep the light on,"" which suggests a desire to maintain optimism and clarity amidst darkness.

Emotions of frustration and despair are prevalent, as the narrator reflects on the monotony of life and the feeling that things often go wrong despite efforts to hold onto dreams. Imagery of broken dreams and the harsh realities of life, such as financial struggles and personal crises, contribute to a sense of urgency and longing for change.

The song also touches on the idea of coping with fear and chaos, as indicated by references to external pressures like police and substance use. Yet, there is a persistent call to ""hold on to something good,"" emphasizing the importance of hope and perseverance.

Overall, ""Melody X"" captures a poignant mix of vulnerability and determination, making it relatable for anyone navigating difficult situations while seeking love and stability. The thematic elements of resilience, the search for love, and the struggle against life's challenges make it a compelling piece for those interested in songs about emotional struggles and the quest for hope."
Fuck Your Accent,Bonaparte,"Your soft voice in the speaker saying something like
""What can I get you?""
My hard self's getting weaker
I mean
I haven't even met you

I can trace you back for two hundred years
Your family tree reaching across the salty seas
Come clip your vowels
Misquote a quote
Let your syllables slip down my throat

I mean

I just wanna fuck your accent
Fuck your accent
I wanna fa- fa- fa- fa- fuck your accent
Don't understand half the words you say
I love just how you say it anyway
I wanna fuck your accent

It's a tricky situation somehow
I'm lost in your pronunciation now
It's so physical but it's unattainable
I try to get my hands on it, it's unexplainable
Our t's are mating
The gliding vowels run deep
It's so infatuating
I want our lingos to meet
Let me do your es
You can lie to me
I want to breed my tongue with your terminology

I mean

I just wanna fuck your accent
Fuck your accent
I wanna fa - fa - fa - fa - fuck your accent
It's like i'm stuck in the middle you see
Every word is like a riddle to me
I wanna fuck your accent

Fuck your accent
Fuck your accent
I wanna fa- fa- fa- fa- fuck your accent
Don't understand half the words you say
I love just how you say it anyway
I wanna fuck your accent

Some people do it in a tent
Some do it just to pay the rent
Recite a letter of intent
Politely fornicate you can
Consonant clusters
Your southern drawl
You drag your dialect across the hall
I'm all up in your twangs
Deep inside of your slang
I know it's not too late
Accents shall procreate

I just wanna fuck your accent
Fuck your accent
I wanna fa- fa- fa- fa- fuck your accent
Don't understand half the words you say
I love just how you say it anyway
I wanna fuck your accent

Fuck your accent
Fuck your accent
I wanna fa - fa - fa - fa - fuck your accent
It's like i'm stuck in the middle you see
Every word is like a riddle to me
I wanna fuck your accent
Fuck your accent
Fuck your accent","The song ""Fuck Your Accent"" by Bonaparte explores themes of attraction and infatuation through the lens of language and accents. The lyrics convey a playful and sensual desire to connect with someone on a deeper level, focusing on the allure of their unique way of speaking. The narrator expresses a fascination with the other person's accent, highlighting how it transcends mere words and becomes a physical and emotional experience.

Emotions in the song range from longing and curiosity to a sense of playful frustration, as the narrator admits to not fully understanding the words being spoken but still being captivated by the sound and rhythm of the accent. Imagery throughout the lyrics includes references to linguistic elements like vowels, consonants, and pronunciation, which are personified and treated as objects of desire. The narrator's yearning to ""breed"" their tongue with the other person's terminology emphasizes a deep, almost intimate connection that goes beyond verbal communication.

Situationally, the song captures the excitement and complexity of romantic attraction, where language barriers create both challenges and a unique bond. The repeated refrain of wanting to ""fuck your accent"" serves as a metaphor for a desire to engage with and embrace the other person's identity and cultural background.

Overall, the song combines humor and sensuality, making it a vivid exploration of how language can enhance attraction and intimacy. It is ideal for thematic searches related to love, language, cultural connection, and the playful aspects of romance."
Too Much,Bonaparte,"You know too much, too much, too much, too much, too much
Much too much, too much, too much, too much
Much too much, too much, too much, too much, too much - much
You know too much, too much, too much, too much, too much
Much too much, too much, too much, too much
Much too much, too much, too much, too much, too much - much

You know james joyce, I like your voice
You know baudelaire, I like your hair
You know churchill, I know kill bill
You know tolstoy, I know playboy
You know politics, I know party chicks
You know wallstreet, I just wanna meet
You know common law, I ask my ma
You know sanskrit, come on and say it
You know economy, well I believe in what I see
You know sophie scholl, I love rock'n'roll
You know algebra, but you don't wear no bra
Do you speak japanese?

You know too much, too much, too much, too much, too much
Much too much, too much, too much, too much
Much too much, too much, too much, too much, too much - much

You know so much, so much about everything
All that I know, I know I've got a song to sing
You know so much, so much about this and that
You know myspace, yourspace, what is the human race?

B-day, d-day, dj, casius clay
Batman, spiderman, superman, tarzan
Einstein, bernstein, money, money, red wine
Eisenhower, beckenbauer, ddr, berliner mauer,
Vietnam, guernica, stalingrad, hiroshima,
Watergate, waterloo, austerlitz, dien-bien-phu
Mao, hotschimin, valium, amphetamin
You and me and one two three and who could be a refugee?
Spam, spam, spam, spam, spam, spam, spam, spam,
Spam, spam, spam, spam, spam, spam, spam, spam,
Spam, spam, spam, spam, spam, spam, spam, spam...

You know too much, too much, too much, too much, too much
Much too much, too much, too much, too much
Much too much, too much, too much, too much, too much - much
It's so banana, i really just wanna wanna...
It's so banana, i really just wanna wanna...
It's so banana, i really just wanna wanna...
It's so banana but it's true

It's so banana, i really just wanna wanna...
It's so banana, i really just wanna wanna wanna...
It's so banana, i really just wanna wanna...
It's so banana but it's true

You know too much, too much, too much, too much, too much
Much too much, too much, too much, too much
Much too much, too much, too much, too much, too much - much
You know too much, too much, too much, too much, too much...","The song ""Too Much"" by Bonaparte explores themes of knowledge, social commentary, and the absurdity of modern life. The repetitive phrase ""you know too much"" suggests a sense of overwhelm and perhaps a critique of information overload in contemporary society. The lyrics juxtapose highbrow cultural references (like James Joyce and Baudelaire) with pop culture and everyday experiences, creating a playful yet chaotic imagery that reflects the complexity of human knowledge and interaction.

Emotions conveyed in the song range from playful curiosity to a sense of frustration or confusion about the vastness of what one can know. The mention of various historical figures, events, and cultural icons paints a vivid picture of a world filled with information, yet the singer expresses a desire for simplicity and connection amidst this complexity.

Situations depicted include casual conversations that touch on diverse topics, from literature and politics to pop culture and personal anecdotes. The repeated refrain emphasizes a feeling of being inundated with knowledge, leading to a humorous yet poignant reflection on the human experience.

Overall, the song captures a blend of whimsy and existential questioning, making it relevant for thematic inquiries about knowledge, societal pressures, and the absurdity of modern life. The imagery of ""spam"" and references to various cultural touchstones contribute to a sense of chaotic abundance, inviting listeners to reflect on their own relationship with information and connection."
Total Eclipse of the Heart,Bonnie Tyler,"(Turn around)
Every now and then I get a little bit lonely
When you're never coming 'round
(Turn around)
Every now and then I get a little bit tired
Of listening to the sound of my tears
(Turn around)
Every now and then I get a little bit nervous
That the best of all the years have gone by
(Turn around)
Every now and then I get a little bit terrified
Then I see the look in your eyes
(Turn around, bright eyes)
But every now and then I fall apart
(Turn around, bright eyes)
Every now and then I fall apart

(Turn around)
Every now and then I get a little bit restless
When I dream of something wild
(Turn around)
Every now and then I get a little bit helpless
I'm lying like a child in your arms
(Turn around)
Every now and then I get a little bit angry
And I know I've got to get out and cry
(Turn around)
Every now and then I get a little bit terrified
Then I see the look in your eyes
(Turn around, bright eyes)
But every now and then I fall apart
(Turn around, bright eyes)
Every now and then I fall apart

And I need you now tonight
And I need you more than ever
If you only hold me tight
We'll be holding on forever
And we'll only be making it right
'Cause we'll never be wrong

Together we can take it to the end of the line
Your love is like a shadow on me all of the time (all of the time)
I don't know what to do and I'm always in the dark
Living in a powder keg and giving off sparks
I really need you tonight
Forever's gonna start tonight
Forever's gonna start tonight

Once upon a time I was falling in love
Now I'm only falling apart
And there's nothing I can do
A total eclipse of the heart

Once upon a time there was light in my life
Now there's only love in the dark
Nothing I can say
A total eclipse of the heart

(Turn around, bright eyes)
(Turn around, bright eyes)

(Turn around)
Every now and then I know you'll never be the boy
You always wanted to be
(Turn around)
Every now and then I know you'll always be the only one
Who wanted me the way that I am
(Turn around)
Every now and then I know there's no one in the universe
As magical and wondrous as you

(Turn around)
Every now and then I know there's nothing any better
Nothing that I just wouldn't do
(Turn around, bright eyes)
But every now and then I fall apart
(Turn around, bright eyes)
Every now and then I fall apart

And I need you now tonight
And I need you more than ever
And if you only hold me tight
We'll be holding on forever
And we'll only be making it right
'Cause we'll never be wrong

Together we can take it to the end of the line
Your love is like a shadow on me all of the time (all of the time)
I don't know what to do
I'm always in the dark
Living in a powder keg and giving off sparks
I really need you tonight
Forever's gonna start tonight
Forever's gonna start

Once upon a time I was falling in love
Now I'm only falling apart
There's nothing I can do
A total eclipse of the heart

Once upon a time there was light in my life
Now there's only love in the dark
Nothing I can say
A total eclipse of the heart

Total eclipse of the heart
A total eclipse of the heart
Turn around, bright eyes
Turn around","""Total Eclipse of the Heart"" by Bonnie Tyler explores themes of love, longing, and emotional turmoil. The lyrics convey a deep sense of loneliness and vulnerability, as the narrator reflects on moments of despair and the fear of losing a significant relationship. Imagery of darkness and light symbolizes the contrast between love and heartbreak, with phrases like ""total eclipse of the heart"" representing the overwhelming sadness that accompanies lost love.

The song captures a range of emotions, including nostalgia, helplessness, and a desperate need for connection. The repeated call to ""turn around"" suggests a yearning for reconciliation and the hope of rekindling a once-bright romance. The narrator oscillates between feelings of anger, restlessness, and a desire for intimacy, emphasizing the complexity of their emotional state.

Situationally, the lyrics depict a relationship that has shifted from passionate love to a painful separation, leaving the narrator feeling lost and in the dark. The imagery of living in a ""powder keg"" evokes a sense of volatility and the potential for emotional explosion, highlighting the intensity of their feelings.

Overall, the song encapsulates the struggle between love and loss, the desire for connection, and the haunting memories of a relationship that once brought joy but has now turned into sorrow. This rich emotional landscape makes it a poignant exploration of heartache and longing."
Run With Me - From The Voice Of Germany,Calum Scott,"If you pray, and it just don't work
I'll be, I will be your church
I'll answer, and answer all that I can
If you're down, and it can't get worse
Give me all the pain and hurt
Promise you'll put your hand in my hand

And run with me, run with me, run
Jump with me, jump with me, jump
The world ain't got nothing on us
So, run with me, run with me, run

And run with me, run with me, run (ooh)
Jump with me, jump with me, jump (ooh)
The world ain't got nothing on us
So, run with me, run with me, run

We'll build, we will build a home
And we'll watch all the flowers grow
Until our bones, until our bones can't hold
Ooh yeah, and take my heart if yours don't beat
And take my lungs if yours can't breathe
And if you need, you can take my body

And run with me, run with me, run (ooh)
And jump with me, jump with me, jump (ooh)
The world ain't got nothing on us
So, run with me, run with me, run

And run with me, run, ooh-ooh, ooh-oh
(Run with me, run with me, run with me, run with me)
(Run with me, run with me, run with me, run with me)

Wait, oh, I'll wait (oh-ooh)
For a lifetime by your side
And I'll stay, won't you stay?
'Til the world is ours

And run with me, run with me, run
Jump with me, jump with me, jump
The world ain't got nothing on us
So, run with me, run with me
Run with me, run","The song ""Run With Me"" by Calum Scott explores themes of love, support, and resilience in the face of adversity. The lyrics convey a deep emotional connection between two individuals, emphasizing a commitment to stand by each other during difficult times. The imagery of running and jumping together symbolizes freedom, unity, and the joy of shared experiences, suggesting that their bond can overcome any challenges the world presents.

The song opens with a sense of vulnerability, addressing feelings of despair and the search for solace. The narrator offers themselves as a source of comfort and strength, promising to be a safe haven (""I'll be your church"") and to share in the pain and struggles of their partner. This establishes a theme of unconditional support and partnership.

As the song progresses, it shifts to a more hopeful tone, envisioning a future together where they can build a life and nurture their love (""We'll build a home and watch all the flowers grow""). The willingness to give everything for one another, even to the point of sharing their very essence (""take my heart if yours don't beat""), highlights the depth of their connection.

Overall, ""Run With Me"" encapsulates a journey of love that is both uplifting and poignant, inviting listeners to reflect on the power of companionship and the strength found in unity. The repeated call to ""run with me"" serves as a rallying cry for togetherness, making it a powerful anthem for those seeking connection and support in their relationships."
Pure Gold,Carl Hauck,"Is this cold enough?
Suitably calculated
Is it dark enough?
Bold but understated
Is it falling over backwards?
Is it straining?

Does it feel like my own?
Does it feel like it's out of my hands?
Does it hang there uncertain, insecure?
Guess it's pure gold

Virgin ears uncovered
By some shaky pen
The browbeaten unsmothered
By some vaporous intent
Now they're falling over backwards
And they're straining to hear, so I ask now

Does it feel like your own?
Does it feel like it's out of your hands?
Does it hang there uncertain, insecure?
Guess it's pure gold

Does it feel like our own?
Does it feel like it's out of our hands?
Does it hang there uncertain, insecure?
Guess it's pure gold
Guess it's pure gold
Guess it's pure gold","The song ""Pure Gold"" by Carl Hauck explores themes of uncertainty, introspection, and the struggle for authenticity. The lyrics convey a sense of questioning and self-reflection, as the narrator grapples with feelings of insecurity and the desire for connection. Imagery of coldness and darkness suggests a contemplative mood, while phrases like ""falling over backwards"" and ""straining to hear"" evoke a sense of effort and vulnerability in seeking understanding.

The repeated inquiries about whether feelings are ""own"" or ""out of hands"" highlight a tension between personal ownership and external influences, emphasizing the complexity of emotions. The phrase ""guess it's pure gold"" serves as a metaphor for the value found in these uncertain experiences, suggesting that even amidst doubt, there is beauty and worth.

Overall, the song captures a blend of introspective emotions and the quest for genuine expression, making it relatable for listeners navigating their own uncertainties. This thematic richness can help in retrieving the song for questions related to self-discovery, emotional struggle, and the search for authenticity."
Love You Like a Love Song,Cats On Trees,"It's been said and done
Every beautiful thought's been already sung
And I guess right now here's another one
So your melody will play on and on, with best we own
You are beautiful, like a dream come alive, incredible
A center full of miracle, lyrical
You've saved my life again
And I want you to know baby

I, I love you like a love song, baby
I, I love you like a love song, baby
I, I love you like a love song, baby
And I keep hittin' re-pe-pe-peat

Cursing me, boy you played through my mind like a symphony
There's no way to describe what you do to me
You just do to me, what you do
And it feels like I've been rescued
I've been set free
I am hyptonized by your destiny
You are magical, lyrical, beautiful
You are...
And I want you to know baby

I, I love you like a love song, baby
I, I love you like a love song, baby
I, I love you like a love song, baby
And I keep hittin re-pe-pe-peat

No one can pause
You stand alone, to every record I own
Music to my hear that's what you are
A song that goes on and on

I, I love you like a love song, baby
I, I love you like a love song, baby
I, I love you like a love song, baby
And I keep hittin' re-pe-pe-peat

I, I love you like a love song, baby
I, I love you like a love song, baby
I, I love you like a love song, baby
And I keep hittin' re-pe-pe-peat","The song ""Love You Like a Love Song"" by Cats On Trees explores themes of love, admiration, and the transformative power of music. The lyrics convey a deep emotional connection between the speaker and their beloved, likening their love to a beautiful, timeless melody that resonates continuously. The imagery of music and symphonies illustrates how the beloved captivates the speaker's mind and heart, creating a sense of enchantment and freedom.

Emotions of joy, gratitude, and infatuation are prevalent throughout the song, as the speaker expresses how their partner has saved and inspired them. The repetition of the phrase ""I love you like a love song"" emphasizes the enduring and repetitive nature of their feelings, suggesting that love is both a powerful and comforting force in their life. The song captures the essence of romantic devotion, portraying the beloved as a magical and lyrical presence that brings beauty and meaning to the speaker's existence.

Overall, the song's imagery and themes revolve around the idea of love as a musical experience, highlighting the joy and exhilaration that comes from being deeply connected to someone special. This makes it a fitting choice for thematic searches related to love, music, and emotional connection."
21st Century Cool Girl,Chloe Qisha,"I dream about the girl I used to be
Under the bleachers where I cut my teeth
'Til all the silly boys in filthy cars
They left their scars, they cut me deep

It's just like
You walked straight out the set of Dawson's Creek
Said I was cute when I could barely breathe
And with a face that has a place inside a teenage magazine

Now this could be hyperbole
But I'm afraid I might die
If you're not holding me tight

I'll be your 21st century cool girl
Baby, I'll forever be tragically insecure
But if you're ready to love me, then I'm all yours
La, la, la, la
And if you wanna get freaky on hotel floors
Then maybe I might be what you're looking for
So if you're ready to love me, then jump on board
La, la, la, la

Well are you ready?
Let's go

We're making out in a bar in Amsterdam
I hate the thought that this could ever end
And underneath the disco ball these sweaty walls
Are closing in

Now this could be hyperbole
But I'm afraid I might die
If I'm not here by your side

I'll be your 21st century cool girl
Baby, I'll forever be tragically insecure
But if you're ready to love me, then I'm all yours
La, la, la, la
And if you wanna get freaky on hotel floors
Then maybe I might be what you're looking for
So if you're ready to love me, then jump on board
La, la, la, la

I'll be yours (la, la, la, la)
I wanna be yours (la, la, la, la, I'll be yours)
I'll be your 21st century cool girl, ha (la, la, la, la)
(La, la, la, la, let's go Chlo-Chlo) c'mon, c'mon, c'mon, c'mon
I'll be your 21st century cool girl (la, la, la, la)
(La, la, la, la)
I'll be yours (la, la, la, la)
Wanna be yours (la, la, la, la)

I'll be yours
I'll be yours","The song ""21st Century Cool Girl"" by Chloe Qisha explores themes of youthful nostalgia, insecurity, and the complexities of modern romance. The lyrics reflect a longing for the carefree days of adolescence, as the narrator reminisces about her past self and the emotional scars left by past relationships. Imagery of teenage experiences, such as making out under disco balls and the carefree vibe of bars in Amsterdam, evokes a sense of both excitement and vulnerability.

The narrator expresses a desire to be seen and loved, highlighting her insecurities while simultaneously embracing a confident persona as a ""cool girl"" of the 21st century. The repeated invitation to love her suggests a yearning for connection and acceptance, despite her self-doubt. The playful tone, combined with references to pop culture, creates a juxtaposition between the carefree spirit of youth and the weight of emotional struggles.

Overall, the song captures the essence of navigating love and identity in a contemporary context, making it relatable for listeners who resonate with themes of insecurity, desire, and the quest for authenticity in relationships."
Modern Romance,Chloe Qisha,"I put an ad in a local paper
""Modern woman, seeking modern man""
I've collected all the data
I've decided, it's my only chance
And when I find that person, baby
We'll only listen to the modern bands
We'll only watch modern TV
You'll only catch us wearing modern brands
Ah-ha, ah-ha, ah-ha, ah-ha, ah-ha, oh
Well, at first we'll take things slow
But if you wanna speed it up a little
I'll be ready to go
I can be the one in your covers, baby
I can take you out, you don't have to stay
We don't stand a chance
In modern romance
I could make your other lovers hate me
You can't get enough when you get a taste
We don't stand a chance
In modern romance
Ah, ah, ah, ah
If you're looking for love
Just call me
Call me
I'll meet your dog, you can meet my parents
I'll let it slide, but I'm kind of a cat person
I'll cut your bangs with the kitchen scissors
We do the big shop on a Thursday
I, ah-ha, ah-ha, ah-ha, ah-ha, ah-ha, I
I will hold you when you cry
But if you wanna speed it up a little
I'll be ready tonight
I can be the one in your covers, baby
I can take you out, you don't have to stay
We don't stand a chance
In modern romance
I could make your other lovers hate me
You can't get enough when you get a taste
We don't stand a chance
In modern romance
You asked for this
You come here often?
What do you do for work?
Honey, please don't cry
I was tryna flirt
You got any siblings?
Do you have any pets?
Oh, you DJ?
It was going so well
Here's a compliment
Now here's another one
Here's a funny joke
Let's split the bill
Here's my number
This was fun, yeah
You've got charisma
And sex appeal
I can be the one in your covers, baby
I can take you out, you don't have to stay
We don't stand a chance
In modern romance
I could make your other lovers hate me
You can't get enough when you get a taste
We don't stand a chance (never stand a chance)
In modern romance (ha-ha-ha, that's a funny joke)
Ah, ah, ah, ah (yeah, you think I'm real cool)
If you're looking for love (yeah, cool, uh-huh, cool)
Just call me
Call me","**Song Summary: ""Modern Romance"" by Chloe Qisha**

**Themes:**  
The song explores the complexities and quirks of contemporary dating and relationships, highlighting the challenges of finding love in a modern context. It touches on themes of connection, vulnerability, and the playful yet uncertain nature of romance today.

**Emotions:**  
The lyrics convey a mix of excitement, hope, and a hint of cynicism. There is a sense of eagerness to connect with someone special, but also an acknowledgment of the difficulties that come with modern love. The playful tone suggests a lighthearted approach to dating, despite the underlying challenges.

**Situations:**  
The narrator describes the process of seeking a partner through a personal ad, emphasizing a desire for a ""modern man."" The song depicts various dating scenarios, such as meeting each other's pets and families, flirting, and navigating the awkwardness of initial encounters. It captures the essence of modern dating rituals, including casual outings and the blending of personal lives.

**Imagery:**  
Imagery in the song includes references to modern culture, such as listening to contemporary music, watching current TV shows, and wearing trendy brands. The narrator's playful suggestions, like cutting bangs with kitchen scissors and doing grocery shopping on Thursdays, create a relatable and vivid picture of everyday life in a relationship.

Overall, ""Modern Romance"" encapsulates the excitement and unpredictability of dating in today's world, making it a relatable anthem for those navigating the complexities of love in a modern setting."
Hurt,Christina Aguilera,"Seems like it was yesterday when I saw your face
You told me how proud you were but I walked away
If only I knew what I know today
Ooh, ooh

I would hold you in my arms
I would take the pain away
Thank you for all you've done
Forgive all your mistakes
There's nothing I wouldn't do
To hear your voice again
Sometimes I wanna call you
But I know you won't be there

Oh I'm sorry for blaming you
For everything I just couldn't do
And I've hurt myself by hurting you

Some days I feel broke inside but I won't admit
Sometimes I just wanna hide 'cause it's you I miss
And it's so hard to say goodbye
When it comes to this, ooh, ah

Would you tell me I was wrong?
Would you help understand?
Are you looking down upon me?
Are you proud of who I am?
There's nothing I wouldn't do
To have just one more chance
To look into your eyes
And see you looking back

Oh I'm sorry for blaming you
For everything I just couldn't do
And I've hurt myself, ohh

If I had just one more day
I would tell you how much that I've missed you
Since you've been away
Ooh, it's dangerous
It's so out of line
To try and turn back time

I'm sorry for blaming you
For everything I just couldn't do
And I've hurt myself
By hurting you","The song ""Hurt"" by Christina Aguilera explores themes of regret, loss, and longing. The lyrics convey deep emotional pain stemming from a past relationship, likely with a loved one who has passed away or is no longer present. The narrator reflects on memories, expressing sorrow for not appreciating the person while they were alive and wishing for a chance to make amends.

Imagery in the song includes moments of nostalgia, such as seeing the loved one's face and recalling their pride, which evokes a sense of yearning. The narrator grapples with feelings of guilt, admitting to blaming the other person for their own shortcomings and recognizing the hurt caused by their actions. There is a poignant desire to reconnect, highlighted by the wish to hold the person again and hear their voice.

Emotions range from sadness and regret to a longing for forgiveness and understanding. The narrator expresses a wish to turn back time, emphasizing the difficulty of saying goodbye and the pain of unresolved feelings. Overall, ""Hurt"" captures the complexity of grief and the desire for reconciliation, making it a powerful ballad about love and loss."
Heather,Conan Gray,"I still remember the third of December, me in your sweater
You said it looked better on me than it did you
Only if you knew how much I liked you
But I watch your eyes as she

Walks by
What a sight for sore eyes
Brighter than the blue sky
She's got you mesmerized while I die

Why would you ever kiss me?
I'm not even half as pretty
You gave her your sweater, it's just polyester
But you like her better
Wish I were Heather

Watch as she stands with her, holding your hand
Put your arm 'round her shoulder, now I'm getting colder
But how could I hate her? She's such an angel
But then again, kinda wish she were dead as she

Walks by
What a sight for sore eyes
Brighter than the blue sky
She's got you mesmerized while I die

Why would you ever kiss me?
I'm not even half as pretty
You gave her your sweater, it's just polyester
But you like her better
I wish I were Heather

(Oh, oh)

I wish I were Heather
(Oh, oh)

Wish I were Heather

Why would you ever kiss me?
I'm not even half as pretty
You gave her your sweater, it's just polyester

But you like her better
Wish I were","The song ""Heather"" by Conan Gray explores themes of unrequited love, jealousy, and longing. The narrator reflects on a past relationship, recalling a moment when they wore a sweater belonging to someone they admired. This memory is tinged with nostalgia and a sense of yearning, as the narrator grapples with feelings of inadequacy and heartbreak.

Imagery in the lyrics highlights the contrast between the narrator and the object of their affection's new partner, described as ""brighter than the blue sky"" and an ""angel."" This creates a vivid picture of the narrator's emotional turmoil as they watch the two together, feeling invisible and overshadowed. The repeated wish to be like ""Heather"" symbolizes a desire to be more desirable and loved, underscoring the narrator's feelings of inferiority.

Emotions of sadness, envy, and vulnerability permeate the song, as the narrator questions why they are not chosen and expresses a mix of admiration and resentment towards Heather. The lyrics capture the pain of watching someone you love be with someone else, making it a poignant exploration of love and loss. This thematic depth makes the song relatable for anyone who has experienced similar feelings of longing and heartache."
Born With a Broken Heart,Damiano David,"I've been trying to change (Oh-oh)
Trying to find somebody to love me
Oh-no, but I end up in the same damn place again
Hoping that I could be different, but I'd be blind to pretend
I wish that I was perfect (Just like you)
But I'm an alien

Oh-no, I'm setting out an SOS, take me home
We're not meant to be together, no

What if I said I'm tryin' to save your love from dyin'?
Baby, I'm too far gone
Don't wanna see you cryin', but I just know who I am
And, baby, that's the hardest part of—
Baby, you can't fix me
I was born with a broken heart

If I was a cactus (Oh-oh)
You would be a balloon
Oh-no, I wanna feel the same as humans do
I wanna feel the same as you, but I don't

Oh, what if I said I'm tryin' to save your love from dyin'?
Baby, I'm too far gone
Don't wanna see you cryin', but I just know who I am
And, baby, that's the hardest part of—
Baby, you can't fix me
I was born with a broken heart

Oh, oh
Sorry that I'm leaving
Oh, oh
Sorry, we're just different
But, baby, you can't fix me

What if I said I'm tryin' to save your love from dyin'?
Baby, I'm too far gone
Don't wanna see you cryin', but I just know who I am
And, baby, that's the hardest part of—
Baby, you can't fix me
Baby, you can't fix me
Baby, you can't fix me
I was born with a broken heart","The song ""Born With a Broken Heart"" by Damiano David explores themes of emotional struggle, self-acceptance, and the complexities of love. The lyrics convey a sense of longing and vulnerability, as the narrator grapples with their inability to change and find love. They express feelings of isolation, comparing themselves to an ""alien"" and acknowledging their imperfections.

Imagery in the song highlights contrasts, such as the metaphor of a cactus and a balloon, symbolizing the narrator's emotional detachment versus the desire for connection. The repeated SOS signals a plea for help and a desire to return to a place of comfort, while also recognizing that the relationship is not meant to be.

The narrator reflects on their past attempts to save love from fading, but ultimately admits to being ""too far gone"" and unable to be fixed. This acceptance of their brokenness adds a poignant layer to the emotional landscape of the song. The overall tone is one of resignation and sadness, as the narrator acknowledges their limitations and the impact on their relationships. 

This song would resonate with listeners who relate to themes of heartbreak, self-identity, and the struggle to connect with others while feeling fundamentally flawed."
Be Alright - Acoustic,Dean Lewis,"I look up from the ground to see your sad and teary eyes
You look away from me
And I see there's something you're trying to hide
And I reach for your hand but it's cold
You pull away again
And I wonder what's on your mind
And then you say to me you made a dumb mistake
You start to tremble, and your voice begins to break
You say the cigarettes on the counter weren't your friend's
They were my mate's
And I feel the color draining from my face

And my friend said
""I know you love her, but it's over, mate
It doesn't matter, put the phone away
It's never easy to walk away, let her go
It'll be alright""

So I still look back at all the messages you'd sent
And I know it wasn't right, but it was fucking with my head
And everything deleted like the past, yeah, it was gone
And when I touched your face, I could tell you're moving on
But it's not the fact that you kissed him yesterday
It's the feeling of betrayal, that I just can't seem to shake
And everything I know tells me that I should walk away
But I just want to stay

And my friend said
""I know you love her, but it's over, mate
It doesn't matter, put the phone away
It's never easy to walk away, let her go
It'll be okay
It's gonna hurt for a bit of time
So bottoms up, let's forget tonight
You'll find another and you'll be just fine
Let her go""

But nothing heals the past like time
And they can't steal
The love you're born to find
But nothing heals the past like time
And they can't steal
The love you're born to find

""And I know you love her, but it's over, mate
It doesn't matter, put the phone away
It's never easy to walk away, let her go
It'll be okay
It's gonna hurt for a bit of time
So bottoms up, let's forget tonight
You'll find another and you'll be just fine
Let her go""

It'll be alright
It'll be alright
It'll be alright
It'll be alright
It'll be alright","The song ""Be Alright - Acoustic"" by Dean Lewis explores themes of heartbreak, betrayal, and the struggle to move on from a failed relationship. The lyrics convey a deep emotional turmoil as the narrator witnesses the pain in their partner's eyes and grapples with feelings of sadness and confusion. Imagery of coldness and trembling voices highlights the emotional distance and vulnerability present in the situation.

The narrator reflects on a moment of betrayal, feeling the weight of a partner's infidelity, which leads to a sense of loss and confusion. Despite knowing that the relationship is over, there is a strong desire to hold on, illustrating the difficulty of letting go. The advice from a friend serves as a recurring theme, emphasizing the inevitability of moving on and the idea that healing takes time. The friend reassures the narrator that while it will hurt initially, they will eventually find love again.

Overall, the song captures the raw emotions associated with heartbreak, the struggle to accept the end of a relationship, and the hope for eventual healing and moving forward. The repeated affirmation that ""it'll be alright"" serves as a comforting mantra amidst the pain, reinforcing the theme of resilience in the face of emotional challenges."
Sun,Derik Fein,"





I used to fly
When I was a child
Never thought I'd
Fall out the sky
Before I knew the world was a stage
And all I loved was destined to break
The more I try leaving my cage
It doesn't feel safe
A little bit of sun
Is what I need
A little bit of air
So I can breathe
I just need a distraction
From all of the madness
It's all that I'm asking
I just want a little sun
Oh, I just want some sun
We come from the stars
But we got it wrong
You get what you are
And not what you want
Before I knew the world was a stage
And all I loved was destined to break
The more I try leaving my cage
It doesn't feel safe
A little bit of sun
Is what I need
A little bit of air
So I can breathe
I just need a distraction
From all of the madness
It's all that I'm asking
I just want a little sun

I just want a little sun
Oh, I just want some sun
","The song ""Sun"" by Derik Fein explores themes of longing, nostalgia, and the desire for freedom amidst life's chaos. The lyrics reflect a journey from childhood innocence, where the narrator felt limitless and capable of ""flying,"" to a more constrained adult reality, where feelings of entrapment and disillusionment prevail. The imagery of the ""cage"" symbolizes the constraints and challenges faced in life, while the repeated plea for ""a little bit of sun"" represents a yearning for hope, warmth, and clarity.

Emotions conveyed in the song include a sense of vulnerability and a desire for escape from the madness of the world. The narrator seeks solace and distraction from their struggles, emphasizing the need for simple joys and moments of peace. The contrast between the idealized past and the current struggles highlights a universal quest for happiness and fulfillment. Overall, the song captures a poignant mix of melancholy and hope, making it relatable for anyone seeking light in difficult times."
Punchline,Ed Sheeran,"I can't help but be destructive right now
It's been weeks since I saw your outline
In my room, there's a silence so loud
This is what losing hope might sound like

Put me down so I'm in my place
Say it's over for breathing space
All I was, was a route to change
Is this just growing up?

I might seem too distracted right now
It's been so long, I've been the punchline
I stand naked while these clothes dry out
Leave me drowning to edit the runtime

Put me down so I'm in my place
Say it's over for breathing space
All I was, was a route to change
Is this just growing up?

All this love cannot seal my fate
Though it's all that I've been of late
Caught in webs I wove with my mistakes
But this is growing up

I can't help it, but I love you so, I can't take this letting go
I still feel that we could work it out or something
All I am is only flesh and bone, why's your heart so freezing cold?
Don't you leave your weight on me, on me (hey)

I can't help it, but I love you so, I can't take this letting go
I still feel that we could work it out or something
All I am is only flesh and bone, why's your heart so freezing cold?
Don't you leave your weight on me, on me (no, I can't help it, no)

I can't help it, but I love you so (no, I can't help it, no)
I can't take this letting go (I will never let you go)
I still feel that we could (I will never let you go)
Work it out or something (no, I can't help it, no)

All I am is only flesh and bone (no, I can't help it, no)
Why's your heart so freezing cold? (I will never let you go)
Don't you leave your weight on me, on me (I will never let you go)","The song ""Punchline"" by Ed Sheeran explores themes of heartbreak, emotional turmoil, and the struggles of growing up. The lyrics convey a sense of despair and introspection, as the narrator grapples with feelings of loss and the weight of past mistakes. Imagery of silence and isolation is prevalent, highlighting the emotional void left by a significant relationship. 

The narrator reflects on their destructive tendencies and the feeling of being a ""punchline,"" suggesting a sense of vulnerability and exposure. There is a longing for connection and a desire to resolve the relationship, despite the pain of letting go. The repeated questioning of whether this experience is simply part of growing up underscores the confusion and complexity of navigating love and loss.

Emotions of love, regret, and a yearning for reconciliation permeate the song, as the narrator expresses a deep attachment while also feeling overwhelmed by the situation. The imagery of being ""naked"" and ""drowning"" evokes a sense of helplessness, while the metaphor of ""webs"" woven from mistakes illustrates the entrapment felt in the aftermath of the relationship.

Overall, ""Punchline"" captures the bittersweet essence of love and the challenges of moving forward, making it a poignant reflection on the trials of emotional growth and the impact of relationships."
Don't Let Me Be Misunderstood,Eliza Shaddad,"Baby, you understand me now?
If sometimes you see that I'm mad
Don't you know no one alive can always be an angel?
When everything goes wrong, you see some bad

But I'm just a soul whose intentions are good
Oh Lord, please, don't let me be misunderstood

You know sometimes, baby, I'm so carefree
With a joy that's hard to hide
And then sometimes, again, it seems that all I have is worry
And then you're bound to see my other side

But I'm just a soul whose intentions are good
Oh Lord, please, don't let me be misunderstood

If I seem edgy
I want you to know
I never meant to take it out on all you
Life has its problems
And I get more than my share
But that's one thing I never mean to do

'Cause I love you
Oh baby, I'm just human
Don't you know I have faults like anyone?
Sometimes I find myself alone, regretting
Some little foolish thing
Some simple thing that I've done

'Cause I'm just a soul whose intentions are good
Oh Lord, please, don't let me be misunderstood
I try so hard, don't let me be misunderstood
I try so hard, don't let me be misunderstood","The song ""Don't Let Me Be Misunderstood"" by Eliza Shaddad explores themes of vulnerability, self-awareness, and the complexities of human emotions. The lyrics convey a deep sense of longing for understanding and acceptance, as the narrator grapples with their fluctuating feelings—ranging from carefree joy to anxiety and frustration. 

Imagery in the song highlights the duality of human nature, emphasizing that no one can be perfect all the time. The narrator expresses a desire for their good intentions to be recognized, despite moments of anger or worry that may arise. The repeated plea to not be misunderstood underscores a fear of judgment and a yearning for empathy in relationships.

Emotions in the song oscillate between love and regret, as the narrator acknowledges their flaws and the impact of life's challenges on their behavior. The overall tone is one of earnestness and a plea for compassion, making it relatable for anyone who has felt misunderstood or struggled with their emotions. This song is ideal for thematic searches related to vulnerability, the complexity of relationships, and the desire for acceptance."
Vincent,Ellie Goulding,"Starry, starry night
Paint your palette blue and grey
Look out on a summer's day
With eyes that know the darkness in my soul
Shadows on the hills
Sketch the trees and the daffodils
Catch the breeze and the winter chills
In colors on the snowy linen land
Now I understand
What you tried to say to me
And how you suffered for your sanity
How you tried to set them free
They would not listen, they did not know how
Perhaps they'll listen now
Starry, starry night
Flaming flowers that brightly blaze
Swirling clouds in violet haze
Reflect in Vincent's eyes of china blue
Colors changing hue
Morning fields of amber grain
Weathered faces lined in pain
Are soothed beneath the artist's loving hand
Now I understand
What you tried to say to me
How you suffered for your sanity
How you tried to set them free
They would not listen, they did not know how
Perhaps they'll listen now
For they could not love you
But still your love was true
And when no hope was left in sight
On that starry, starry night
You took your life, as lovers often do
But I could've told you, Vincent
This world was never meant for one as beautiful as you
Starry, starry night
Portraits hung in empty halls
Frameless heads on nameless walls
With eyes that watch the world and can't forget
Like the strangers that you've met
The ragged men in their ragged clothes
The silver thorn of the bloody rose
Lie crushed and broken on the virgin snow
Now I think I know
What you tried to say to me
And how you suffered for your sanity
How you tried to set them free
They would not listen, they're not listening still
Perhaps they never will","The song ""Vincent"" by Ellie Goulding explores themes of artistic struggle, mental health, and the profound impact of beauty and suffering. It reflects on the life and struggles of Vincent van Gogh, using vivid imagery of nature and art to convey deep emotions. The lyrics evoke a sense of melancholy and longing, highlighting the contrast between the beauty of the world and the pain experienced by the artist.

Key themes include:

1. **Artistic Struggle**: The song delves into the challenges faced by artists, particularly the emotional turmoil and isolation that can accompany creativity. It acknowledges van Gogh's efforts to express his inner turmoil through his art.

2. **Mental Health**: There is a poignant reflection on mental illness, with references to suffering for one's sanity and the lack of understanding from others. The lyrics suggest a deep empathy for those who struggle with their mental health.

3. **Beauty and Pain**: The imagery of ""starry nights,"" ""flaming flowers,"" and ""morning fields"" contrasts with the darker elements of the lyrics, such as ""shadows,"" ""pain,"" and ""broken"" lives. This duality emphasizes the coexistence of beauty and suffering in life.

4. **Isolation and Misunderstanding**: The song conveys a sense of loneliness, as it reflects on how the world often fails to recognize or appreciate the struggles of sensitive souls like van Gogh. The repeated line about people not listening underscores this theme of isolation.

5. **Tragic End**: The lyrics touch on the tragic conclusion of van Gogh's life, suggesting that his beauty and sensitivity were not suited for a world that could not understand him. The mention of his death serves as a somber reminder of the consequences of unrecognized pain.

Overall, ""Vincent"" captures the essence of an artist's life marked by beauty, struggle, and tragedy, making it a poignant tribute to those who suffer in silence. The song's emotional depth and rich imagery make it a powerful exploration of the complexities of the human experience."
Break My Heart Again,FINNEAS,"Hey, you
I'm just now leaving
Can I come around later on this evening?
Or do you need time?
Yes, of course, that's fine

Hey, you
Good morning
I'm sure you're busy now, why else would you ignore me?
Or do you need space?
You can't help it if your mind has changed

So go ahead and break my heart again
Leave me wondering why the hell I ever let you in
Are you the definition of insanity?
Or am I?
Oh, it must be nice
To love someone who lets you break them twice

You're so blue
Are you still breathing?
Won't you tell me if you find that deeper meaning
Do you think I've gone blind?
I know it's not the truth when you say, ""I'm fine""

So go ahead and break my heart again
Leave me wonderin' why the hell I ever let you in
Are you the definition of insanity?
Or am I?
Oh, it must be nice
To love someone who lets you break them twice

Don't pretend that I'm the instigator
You were the one, but you were born to say goodbye
Kissed me half a decade later
That same perfume, those same sad eyes

Go ahead and break my heart again
Leave me wondering why the hell I ever let you in
Are you the definition of insanity?
Or am I?
Or am I?
It must be nice
To love someone who lets you break them twice","""Break My Heart Again"" by FINNEAS explores themes of heartbreak, longing, and emotional vulnerability. The lyrics depict a tumultuous relationship characterized by a cycle of love and pain, where the narrator grapples with feelings of confusion and self-doubt. 

The song opens with a sense of uncertainty as the narrator reaches out to a partner, seeking connection but also acknowledging the need for space. This sets the tone for a relationship marked by mixed signals and emotional distance. The recurring question of whether the partner is the ""definition of insanity"" or if the narrator is reflects a deep introspection about the nature of their love and the pain it brings.

Imagery of sadness is prevalent, with references to the partner's ""blue"" demeanor and the haunting memories of past intimacy, such as ""the same perfume"" and ""those same sad eyes."" The narrator feels trapped in a cycle of allowing themselves to be hurt, expressing a resigned acceptance of their partner's ability to break their heart repeatedly.

Overall, the song captures the emotional turmoil of loving someone who is inconsistent and the struggle to understand one's own feelings in the face of repeated heartbreak. It resonates with listeners who have experienced similar situations of love intertwined with pain, making it a poignant reflection on the complexities of relationships."
Go Your Own Way - 2004 Remaster,Fleetwood Mac,"Loving you
Isn't the right thing to do
How can I
Ever change things that I feel
If I could
Baby, I'd give you my world
How can I
When you won't take it from me

(You can go your own way)
Go your own way
You can call it another lonely day
(You can go your own way)
Go your own way

Tell me why
Everything turned around
Packing up
Shacking up's all you wanna do
If I could
Baby, I'd give you my world
Open up
Everything's waiting for you

(You can go your own way)
Go your own way
You can call it another lonely day
(You can go your own way)
Go your own way

(You can go your own way)
Go your own way
You can call it another lonely day
Another lonely day
(You can go your own way)
Go your own way
You can call it another lonely day

You can go your own way
You can call it another lonely day
You can go your own way","The song ""Go Your Own Way"" by Fleetwood Mac explores themes of heartbreak, independence, and emotional conflict. The lyrics convey a sense of longing and frustration in a romantic relationship that is no longer fulfilling. The narrator expresses a deep love for their partner but acknowledges that staying together is not the right choice. This internal struggle is highlighted by the desire to change the situation and offer the world to the loved one, yet feeling powerless when the partner is unwilling to accept it.

Imagery of packing up and moving on suggests a sense of finality and the painful reality of separation. The repeated refrain ""You can go your own way"" emphasizes the theme of autonomy, encouraging the partner to pursue their own path, even if it leads to loneliness. The emotional tone is bittersweet, capturing both the sadness of lost love and the necessity of letting go. Overall, the song encapsulates the complexities of love, the difficulty of change, and the acceptance of individual choices in the face of heartache."
Say It Again - Acoustic,Frances,"You run with the sun in your eyes
Arms wide open to whatever you find
Then there's me, hopelessly
Trying to find a way
Of hearing three little words from your mouth
And not feeling this heaven with doubt
I know you've said it but

Say it again
I wanna know that you mean it, this time
Say it again
I know that I should believe it, but I
Never thought someone would love me like you say you do
Say it again and I'll say it back to you

You're holding my heart in your hands
And it's the safest feeling I've had
It can't be true
Someone like you
Feels thus way for me
I hear three little words from your mouth
And my heart can't figure it out
So humour me
I know you've said it but

Say it again
I wanna know that you mean it, this time
Say it again
I know that I should believe it, but I
Never thought someone would love me like you say you do
Say it again and I'll say it back to you

I know you've said it but just

Say it again
I wanna know that you mean it, this time
Say it again
I know that I should believe it, but I
Never thought someone would love me like you say you do
Say it again and I'll say it back to you","The song ""Say It Again - Acoustic"" by Frances explores themes of love, vulnerability, and the desire for reassurance in a romantic relationship. The lyrics convey a sense of longing and uncertainty, as the narrator grapples with their feelings and the need for affirmation from their partner. 

Imagery of running with the sun and open arms suggests a carefree and hopeful spirit, contrasting with the narrator's feelings of hopelessness and doubt. The repeated plea to ""say it again"" emphasizes the need for sincerity and confirmation of love, highlighting the emotional weight of the three little words that hold significant meaning. 

The narrator expresses a deep connection, feeling safe yet unsure, as they navigate the complexities of love and trust. The song captures the delicate balance between hope and insecurity, making it relatable for anyone who has sought reassurance in a relationship. Overall, the emotional tone is one of yearning and a desire for clarity, making it a poignant reflection on love and communication."
When Scars Become Art,Gatton,"So how will I trust you
When you say that you will love me 'cause she said that too?
And how will you love me?
I was told I didn't deserve love, at least that's the thing

Now don't say
Don't say that you'll stay for good
Don't tell me what I want to hear
'Cause you think you should
And teach, teach me to heal my scars
I've heard it said that beauty is when scars become art

'Cause I wanna love you for good
For good or for bad, when times get sad and when we fight
And I wanna love you for good
For good or for bad, when you make me mad
'Cause you're the love of my life

So take my hand, I wanna grow old with you beside me
So take my hand, I wanna grow old with you beside me
So take my hand, I wanna grow old with you beside me, oh, oh
So take my hand, I wanna grow old with you beside me

'Cause I wanna love you for good
For good or for bad, when times get sad and when we fight
And I wanna love you for good
For good or for bad, when you make me mad
'Cause you're the love of my life

Now how, how will I move on?
You taught me how to love again, and now you're gone
And how will I bear the pain?
I guess for now, I'll leave these flowers here at your grave","The song ""When Scars Become Art"" by Gatton explores themes of love, trust, healing, and the complexities of relationships. The lyrics convey a deep emotional struggle, reflecting on past experiences of betrayal and the challenge of opening up to love again. The narrator grapples with feelings of unworthiness and the fear of being hurt, as they question how to trust a new partner after being told they didn't deserve love.

Imagery in the song highlights the transformative power of love, suggesting that scars—both emotional and physical—can become beautiful when embraced and understood. The repeated desire to love ""for good"" emphasizes a commitment to enduring love through both joyful and challenging times, showcasing a longing for stability and companionship.

The emotional landscape shifts from hope and desire for a lasting relationship to sorrow and loss, particularly in the latter part of the song, where the narrator reflects on the pain of losing a loved one and the struggle to move on. The poignant imagery of leaving flowers at a grave underscores themes of grief and remembrance.

Overall, the song captures the journey of healing through love, the fear of vulnerability, and the bittersweet nature of relationships, making it a poignant exploration of how love can help transform pain into something beautiful."
City of Stars,Gavin James,"City of stars
Are you shining just for me?
City of stars
There's so much that I can't see
Who knows?
I felt it from the first embrace I shared with you
Well, that now our dreams
They've finally come true

City of stars
Just one thing everybody wants
There in the bars
And through the smokescreens of the crowded restaurants
It's love
Yes all we're looking for
Is love from someone else

A rush
A glance
A touch
A dance
A look in somebody's eyes

To light up the skies
To open the world
And send me reeling
A look that says, I'll be here
And you'll be alright

'Cause I don't care if I know
Just where I will go
'Cause all that I need is this crazy feelin'
A rat-tat-tat on my heart
I think I want it to stay

City of stars
Are you shinin' just for me?
City of stars
You've never shined so brightly","The song ""City of Stars"" by Gavin James explores themes of love, longing, and the magic of connection in a bustling urban setting. The lyrics convey a sense of hope and wonder, as the narrator addresses the metaphorical ""City of Stars,"" questioning whether its brilliance is meant for them. The imagery of crowded bars and restaurants evokes a vibrant nightlife, filled with the search for love amidst the chaos.

Emotions of yearning and excitement permeate the song, particularly through the narrator's reflections on a deep connection experienced during a first embrace. The lyrics highlight the universal desire for love, emphasizing that it is the ultimate goal for many. The song captures fleeting moments of intimacy—like a glance, a touch, or a dance—that can illuminate one's world and provide reassurance.

The narrator expresses a carefree attitude towards the future, suggesting that the thrill of love is more important than knowing the destination. The repeated references to the ""City of Stars"" symbolize hope and the potential for dreams to come true, culminating in a heartfelt desire for the feelings of love to remain. Overall, the song encapsulates the beauty and complexity of romantic relationships set against the backdrop of a lively city."
Hold My Girl,George Ezra,"I've been waiting for you
To come around and tell me the truth
About everything that you're going through
My girl, you've got nothing to lose

Cold nights and the Sunday mornings
On your way and out of the gray

I've got time, I've got love
Got confidence you'll rise above
Give me a minute to hold my girl
Give me a minute to hold my girl
Crowded town, silent bed
Pick a place to rest your head
Give me a minute to hold my girl
Give me a minute to hold my girl

I've been dreaming 'bout us
Working hard and saving it up
We'll go and see the man on the moon
My girl, we've got nothing to lose

Cold nights and the Sunday mornings
On your way and out of the gray

I've got time, I've got love
Got confidence you'll rise above
Give me a minute to hold my girl
Give me a minute to hold my girl
Crowded town, silent bed
Pick a place to rest your head, and
Give me a minute to hold my girl
Give me a minute to hold my girl

My girl, my girl
It takes one hard second to turn it around
It takes one hard second to turn it around

I've got time, I've got love
Got confidence you'll rise above
Give me a minute to hold my girl
Give me a minute to hold my girl
Crowded town, silent bed
Pick a place to rest your head, and
Give me a minute to hold my girl
Give me a minute to hold my girl

I've got time and I've got love
Got confidence you'll rise above
Give me a minute to hold my girl
Give me a minute to hold my girl
Crowded town, silent bed
Pick a place to rest your head
Give me a minute to hold my girl
Give me a minute to hold my girl","The song ""Hold My Girl"" by George Ezra explores themes of love, support, and reassurance in the face of life's challenges. The lyrics convey a deep emotional connection between the narrator and his partner, emphasizing a desire to be there for her during difficult times. The imagery of ""cold nights"" and ""Sunday mornings"" suggests a sense of longing and comfort, while the mention of a ""crowded town"" and ""silent bed"" evokes feelings of isolation despite being surrounded by people.

The narrator expresses patience and confidence in his partner's ability to overcome her struggles, reinforcing the theme of unwavering support. Phrases like ""I've got time, I've got love"" highlight a commitment to nurturing their relationship and providing solace. The repeated plea to ""give me a minute to hold my girl"" underscores the importance of physical and emotional closeness, suggesting that even brief moments of connection can be powerful.

Overall, the song captures a blend of hope, tenderness, and the desire for intimacy, making it a poignant reflection on love and resilience in the face of adversity. This thematic richness can help retrieve the song for questions related to love, support, and emotional connection."
Cry to Me,Hailey Tuck,"When your baby leaves you all alone
And nobody calls you on the phone
Don't you feel like crying?
Don't you feel like crying?
But here I am honey
C'mon and cry to me

When you're all alone in your lonely room
And there's nothing but the smell of her perfume
Don't you feel like crying?
Don't you feel like crying?
Don't you feel like crying?
C'mon and cry to me

Well, nothing could be sadder than a glass of wine alone
Loneliness, loneliness, is just a waste of time, whoa yeah
But you won't ever have walk alone, you see
Come take my hand, and baby, won't you walk with me?

When you're waiting for a voice to come
In the night there is no one
Don't you feel like crying?
Don't you feel like crying?

Don't you feel like crying?
C'mon and cry to me
Don't you feel like crying?
C'mon and cry to me
Don't you feel like crying?
C'mon and cry to me","The song ""Cry to Me"" by Hailey Tuck explores themes of loneliness, heartbreak, and the longing for companionship. The lyrics convey a deep sense of sadness and isolation, depicting situations where one feels abandoned and emotionally vulnerable after a loved one has left. The imagery of being alone in a room filled with the lingering scent of a partner's perfume evokes a poignant sense of nostalgia and loss.

Emotions of despair and yearning are prevalent throughout the song, as the narrator invites the listener to express their sorrow and seek comfort in shared vulnerability. The repeated refrain encourages crying as a release, emphasizing the importance of not facing loneliness alone. The mention of a glass of wine symbolizes solitude and the futility of wasting time in sadness.

Ultimately, the song offers a glimmer of hope, suggesting that companionship can alleviate loneliness. The narrator extends a hand, inviting the listener to walk together, reinforcing the idea that connection and support can help navigate through difficult emotional times. This blend of melancholy and the promise of solace makes the song resonate with anyone who has experienced heartache and seeks comfort in companionship."
Sign of the Times,Harry Styles,"Just stop your crying, it's a sign of the times
Welcome to the final show
Hope you're wearing your best clothes
You can't bribe the door on your way to the sky
You look pretty good down here
But you ain't really good
If we never learn, we've been here before
Why are we always stuck and running from the bullets?
The bullet
We never learn, we've been here before
Why are we always stuck and running from your bullets?
A bullet
Just stop your crying, it's a sign of the times
We gotta get away from here
We gotta get away from here
Just stop your crying it'll be alright
They told me that the end is near
We gotta get away from here
Just stop your crying, have the time of your life
Breaking through the atmosphere
And things are pretty good from here
Remember everything will be alright
We can meet again somewhere
Somewhere far away from here
We never learn, we've been here before
Why are we always stuck and running from the bullets?
The bullet
We never learn, we've been here before
Why are we always stuck and running from the bullets?
The bullet
Just stop your crying, it's a sign of the times
We gotta get away from here
We gotta get away from here
Stop your crying, baby, it'll be alright
They told me that the end is near
We gotta get away from here
We never learn, we've been here before
Why are we always stuck and running from the bullets?
The bullet
We never learn, we've been here before
Why are we always stuck and running from your bullets?
Your bullet
We don't talk enough
We should open up
Before it's all too much
Will we ever learn?
We've been here before
It's just what we know
Stop your crying, baby, it's a sign of the times
We gotta get away
We got to get away
We got to get away
We got to get away
We got to get away
We got to, we got to away
We got to, we got to away
We got to, we got to away
","""Sign of the Times"" by Harry Styles explores themes of struggle, hope, and the urgency to escape difficult situations. The lyrics convey a sense of emotional turmoil, urging listeners to stop crying and recognize that the challenges they face are part of a larger, cyclical experience. The imagery of a final show and the notion of wearing one's best clothes suggest a poignant farewell, while references to ""bullets"" symbolize the obstacles and dangers that people often run from.

The song captures a mix of despair and resilience, emphasizing the need to confront fears and seek a better future. Phrases like ""we gotta get away from here"" highlight a desire for liberation and a fresh start, while the repeated reassurance that ""everything will be alright"" offers a glimmer of hope amidst uncertainty. The call for open communication and reflection on past experiences suggests a longing for understanding and connection.

Overall, the song evokes a blend of melancholy and optimism, making it a powerful anthem for those facing adversity and seeking solace in the promise of change. It resonates with listeners who relate to the struggle of navigating life's challenges while holding onto hope for a brighter tomorrow."
Falling,Harry Styles,"I'm in my bed
And you're not here
And there's no one to blame but the drink in my wandering hands
Forget what I said
It's not what I meant
And I can't take it back, I can't unpack the baggage you left

What am I now? What am I now?
What if I'm someone I don't want around?
I'm falling again, I'm falling again, I'm falling
What if I'm down? What if I'm out?
What if I'm someone you won't talk about?
I'm falling again, I'm falling again, I'm falling

You said you care
And you missed me too

And I'm well aware I write too many songs about you

And the coffee's out
At the Beachwood Cafe
And it kills me 'cause I know we've run out of things we can say

What am I now? What am I now?
What if I'm someone I don't want around?
I'm falling again, I'm falling again, I'm falling
What if I'm down? What if I'm out?
What if I'm someone you won't talk about?
I'm falling again, I'm falling again, I'm falling

And I get the feeling that you'll never need me again

What am I now? What am I now?
What if you're someone I just want around
I'm falling again, I'm falling again, I'm falling
What if I'm down? What if I'm out?
What if I'm someone you won't talk about?
I'm falling again, I'm falling again, I'm falling","The song ""Falling"" by Harry Styles explores themes of heartbreak, self-doubt, and emotional vulnerability. The lyrics convey a sense of longing and regret, as the narrator reflects on a past relationship and the feelings of loss that accompany it. The imagery of being alone in bed and the mention of alcohol suggest a struggle with loneliness and the impact of memories on the present.

The repeated questioning of identity—""What am I now?""—highlights the narrator's internal conflict and fear of becoming someone unrecognizable or undesirable. The refrain of ""I'm falling again"" emphasizes a cycle of emotional turmoil and the difficulty of moving on. The mention of shared moments, like coffee at a café, evokes nostalgia and the pain of realizing that the connection has faded.

Overall, the song captures the complexities of love, the weight of unspoken words, and the fear of being forgotten, making it a poignant reflection on the aftermath of a relationship. This emotional depth and relatable situation can help retrieve the song for thematic inquiries related to heartbreak, self-reflection, and the challenges of moving forward after love."
Shut up My Moms Calling (Sped up),Hotel Ugly,"I just want to rewind, I haven't seen you in a long time
You got me feeling so lonely
Even when you come through, I can tell that it isn't you
So baby, bring it in closely

Hate the way I love you but you so sweet
I always find a way to say the wrong things
I wish that we were laying in the same sheets
But lately, you've been acting like you hardly know me

Baby, come home, home (so baby, won't you say somethin'?)
Baby, come home, home (so baby, won't you say somethin'?)
Baby, come home, home (so baby, won't you say somethin'?)
Baby, come home, home (so baby, won't you say somethin'?)

I just want to rewind, I haven't seen you in a long time
You got me feeling so lonely
Even when you come through, I can tell that it isn't you
So baby, bring it in closely

Hate the way I love you but you so sweet
I always find a way to say the wrong things
I wish that we were laying in the same sheets
But lately, you've been acting like you hardly know me

I've only recently begun to fall
I feel the need to go and waste it all
I tried to numb away the pain
I hope someone is watching me, watching me, watching me

Baby, come home, home (so baby, won't you say somethin'?)
Baby, come home, home (so baby, won't you say somethin'?)
Baby, come home, home (so baby, won't you say somethin'?)
Baby, come home, home (so baby, won't you say somethin'?)","The song ""Shut up My Moms Calling (Sped up)"" by Hotel Ugly explores themes of longing, loneliness, and emotional turmoil in a romantic relationship. The narrator expresses a deep desire to reconnect with a loved one, feeling a sense of emptiness and disconnection despite their physical presence. The imagery of wanting to ""rewind"" time and the wish to share intimate moments (""laying in the same sheets"") highlights a yearning for closeness and familiarity.

Emotions of frustration and confusion are prevalent, as the narrator grapples with the complexities of love, feeling both affection and pain. The repeated plea for the partner to ""come home"" emphasizes a desire for reconciliation and communication, suggesting a struggle to bridge the emotional gap that has formed. The mention of trying to ""numb away the pain"" indicates a deeper internal conflict, hinting at vulnerability and a need for support.

Overall, the song captures the bittersweet nature of love, the challenges of communication, and the longing for connection, making it relatable for anyone who has experienced similar feelings in a relationship."
Wrecked,Imagine Dragons,"Days pass by and my eyes stay dry, and I think that I'm okay
'Til I find myself in conversation, fading away
The way you smile, the way you walk
The time you took to teach me all that you had taught
Tell me, how am I supposed to move on?

These days I'm becoming everything that I hate
Wishing you were around but now it's too late
My mind is a place that I can't escape your ghost

Sometimes I wish that I could wish it all away
One more rainy day without you
Sometimes I wish that I could see you one more day
One more rainy day

Oh, I'm a wreck without you here
Yeah, I'm a wreck since you've been gone
I've tried to put this all behind me
I think I was wrecked all along
Yeah, I'm a wreck

They say that the time will heal it, the pain will go away
But everything, it reminds me of you and it comes in waves
Way you laugh when your shoulders shook
The time you took to teach me all that you had taught
Tell me, how am I supposed to move on?

These days I'm becoming everything that I hate
Wishing you were around but now it's too late
My mind is a place that I can't escape your ghost

Sometimes I wish that I could wish it all away
One more rainy day without you
Sometimes I wish that I could see you one more day
One more rainy day

Oh, I'm a wreck without you here
Yeah, I'm a wreck since you've been gone
I've tried to put this all behind me
I think I was wrecked all along

These days when I'm on the brink of the edge
Remember the words that you said
Remember the life you led
You'd say, ""Oh, suck it all up, don't get stuck in the mud
Thinkin' of things that you should have done""
I'll see you again, my loved one

I'll see you again, my loved one
Yeah, I'm a wreck

I'll see you again, my loved one

Yeah, I'm a wreck without you here (loved one)
Yeah, I'm a wreck since you've been gone (I'm a wreck since you've been gone)
I've tried to put this all behind me
I think I was wrecked all along (I'm a wreck)
Yeah, I'm a wreck

Sometimes I wish that I could wish it all away but I can't
One more rainy day without you (one more rainy day)
Sometimes I wish that I could see you one more day but I can't
One more rainy day","The song ""Wrecked"" by Imagine Dragons explores themes of grief, loss, and the struggle to move on after the departure of a loved one. The lyrics convey deep emotional turmoil, as the narrator grapples with feelings of emptiness and longing for the person who is no longer present. Imagery of rain and the passage of time highlights the melancholic atmosphere, symbolizing sadness and the weight of memories that linger.

The narrator reflects on the impact of the lost loved one, recalling specific moments and lessons learned, which intensifies the sense of nostalgia and regret. There is a recurring sentiment of wishing for just one more day with the person, emphasizing the desire to reconnect and the pain of finality. The lyrics also touch on the internal conflict of becoming someone the narrator despises, suggesting a struggle with identity in the wake of loss.

Overall, ""Wrecked"" captures the raw emotions associated with mourning, the difficulty of healing, and the haunting presence of memories that make it hard to let go. The song resonates with anyone who has experienced profound loss, making it a poignant reflection on love and grief."
They Don't Know You Like I Do,Imagine Dragons,"He was never gonna make it
Every pill he found, he'd take it
Always on the edge of breakdowns
But keeping it together somehow
Just another cold November
You called me, but I didn't answer
I was so oblivious
Now I'm asking for forgiveness

For every single time I failed you
I'm feeling like it's me that killed you
Remembering the time they jumped you
And I was too scared to help you
Looking back, I can't erase it
I guess it's time to face it
You never seem to know how to let it all go

Don't listen to a single word they say about you
They don't know you like I do
Don't listen to a single word they say about you
They don't know you like I do

Everybody saw you smiling
Yeah, you were always good at hiding
You were always asking questions
So you wouldn't draw attention
Everyone who used you
They never really knew you
You're always showing up for everybody but yourself

See, I wish I could take it back
Change the future and erase the past
Grab the bullet out and put you back
I promise that I'd save your life like you saved mine
But now it's far too late for that
And all I have is your story left to tell
So let me tell it
Let me tell

Don't listen to a single word they say about you
They don't know you like I do
Don't listen to a single word they say about you
They don't know you like I do

Da, da, da-da-da
Da-da-da-da-da, da-da-da, da
Da, da, da-da-da
Da-da-da-da, da-da-da, da

Da, da, da-da-da
Da-da-da-da-da, da-da-da, da
Da, da, da-da-da
Da-da-da-da, da-da-da, da

Da, da, da-da-da
Da-da-da-da-da, da-da-da, da
Da, da, da-da-da
Da-da-da-da-da, da-da-da, da

Da, da, da-da-da
Da-da-da-da-da, da-da-da, da
Da, da, da-da-da
Da-da-da-da-da, da-da-da, da

Da, da, da-da-da
Da-da-da-da-da, da-da-da, da
Da, da, da-da-da
Da-da-da-da-da, da-da-da, da

Da, da, da-da-da
Da-da-da-da-da, da-da-da, da","The song ""They Don't Know You Like I Do"" by Imagine Dragons explores themes of regret, loss, and the struggle to understand and support someone in distress. The lyrics convey a deep emotional connection between the narrator and a friend or loved one who is battling personal demons, including substance abuse and feelings of isolation. 

The imagery of a ""cold November"" sets a somber tone, reflecting the bleakness of the situation. The narrator expresses remorse for not being there during critical moments, feeling guilty for past failures to help when it mattered most. This sense of helplessness is compounded by the realization that others may not truly understand the depth of the person's struggles, as emphasized in the repeated refrain, ""They don't know you like I do.""

The song captures the complexity of relationships where one person feels a profound sense of responsibility and sorrow for not being able to save the other. The narrator wishes they could change the past and save their friend, highlighting a longing for redemption and the desire to honor the memory of the person they lost. Overall, the song evokes feelings of nostalgia, heartache, and a plea for understanding amidst the pain of loss. 

This summary can help retrieve the song for thematic questions related to regret, emotional support, and the complexities of personal relationships."
You Will Never Know,Imany,"It breaks my heart 'cause I know
You're the one for me
Don't you feel sad
There never was a story, obviously
It'll never be, oh
And you will never know
I will never show
What I feel, what I need from you, no
And you will never know
I will never show
What I feel, what I need from you
With every smile comes my reality, irony
You won't find out what has been killing me
Can't you see me?
Can't you see?
And you will never know
I will never show
What I feel, what I need from you, no
And you will never know
I will never show
What I feel, what I need from you, no, no
You will never know
I will never show
What I feel, what I need from you
No, no
No, no, you'll never know
No, no, no, you'll never know
No, no, no
Love me, love me, love me, love me, no
And you will never know
I will never show
What I feel, what I need from you, no, no
You will never know
I will never show
What I feel, what I feel, what I feel
What I need, what I need from you, no
","The song ""You Will Never Know"" by Imany explores themes of unrequited love, emotional pain, and the struggle of expressing one's true feelings. The lyrics convey a deep sense of heartache as the narrator grapples with the knowledge that the person they love may never understand their emotions or the depth of their need. 

Imagery of sadness and irony permeates the song, highlighting the contrast between outward appearances (smiles) and inner turmoil. The repeated refrain emphasizes a sense of resignation and secrecy, as the narrator acknowledges that they will never reveal their true feelings, reinforcing the emotional distance between them and the object of their affection.

Overall, the song captures the complexity of love that remains unspoken, the longing for connection, and the pain of feeling invisible to someone who holds significant importance. This emotional depth and the struggle for vulnerability make it relatable for anyone who has experienced similar situations in love."
Kisses in the Dark,Imany,"Give me some kisses in the dark, in the dark, in the dark,
I wanna feel your breath in my back, in my back, in my back,
I wanna fix your broken smile, and I love, and I learn, I lie and I try
I even lie

Now I know that you may go
I don't want to face the change
Way up high over the rainbow
I don't see any lullabies

I wanna sing along the guitar, the guitar, the guitar
Playing music loud in the car, in the car, in the car
I wanna find the perfect rhymes
You love, you learn, you lie, you try
You even lie

Now I know that you may go
I don't wanna face the change
Way up high over the rainbow
I don't see any lullabies

Now I know that you may go
I don't wanna face the change
Way up high over the rainbow
I don't see any lullabies

I wanna say
I wanna say
Pam-pam-pa-ra...

Now I know that you may go
I don't wanna face the change
Way up high over the rainbow
I don't see any lullabies

Now I know that you may go
I don't wanna face the change
Way up high over the rainbow
I don't see any lullabies","The song ""Kisses in the Dark"" by Imany explores themes of love, longing, and the fear of change. The lyrics convey a deep emotional connection, with a desire for intimacy and affection, symbolized by ""kisses in the dark."" The imagery of feeling someone's breath and the wish to mend a broken smile highlights vulnerability and the complexities of relationships.

The recurring acknowledgment of potential separation (""Now I know that you may go"") reflects a sense of anxiety about change and loss. The metaphor of being ""way up high over the rainbow"" suggests a longing for escape or a better place, yet the absence of ""lullabies"" implies a lack of comfort or reassurance in the face of uncertainty.

Musically, the desire to sing along with a guitar and play music in a car evokes a sense of freedom and joy, contrasting with the underlying sadness of impending change. Overall, the song captures a bittersweet mix of hope, nostalgia, and the struggle to cope with the possibility of losing a loved one. This emotional depth and vivid imagery make it relatable for anyone grappling with love and the fear of change."
Un gospel pour Madame - Pray For Your Help,Imany,"I pray for your help
I pray for your help
I pray for your help
Not anything else

Un gospel pour madame
Autant que faire se peut
Un service pour son âme (pour son âme)
Juste un signe des cieux

It's not I don't believe
Show me just anything
I need to have a dream

Quand la peur trouble nos cœurs
Il nous faut raison garder
Le salut dans ta demeure
Viendra chérie sans tarder

I trust my faith
I don't have anything else
All I want is to surrender
So I can finally rest

Un gospel pour madame
Un office, une flamme
Pour croire faut être deux
Si c'est lui faisons au mieux (faisons au mieux)

Cause wherever you see (wherever you see)
Catastrophe appears
I hope you understand

Quand la peur trouble nos cœurs
Il nous faut raison garder
Le salut dans ta demeure
Viendra chérir sans tarder

I trust my faith
I don't have anything else
All I want is to surrender
So I can finally rest

I pray for your help
Do you hear anything?
I'm standing on my knees (pour son âme)

Quand la peur trouble nos cœurs
Il nous faut raison garder
Le salut dans ta demeure
Viendra chérir sans tarder

I trust my faith
I don't have anything else
All I want is to surrender
So I can finally rest","The song ""Un gospel pour Madame"" by Imany revolves around themes of faith, hope, and the search for solace in times of fear and uncertainty. The lyrics express a deep yearning for divine assistance, as the narrator repeatedly prays for help, emphasizing a sense of vulnerability and reliance on a higher power. 

Imagery in the song includes references to a ""gospel"" and ""a service for the soul,"" suggesting a spiritual or religious context where the narrator seeks comfort and reassurance. The repeated invocation of prayer highlights a desire for signs from the heavens, indicating a longing for clarity and guidance amidst turmoil.

Emotions conveyed in the lyrics include anxiety and a sense of urgency, particularly in the face of fear that troubles the heart. The narrator expresses a need to maintain reason and hope, believing that salvation will come in due time. The act of surrendering is portrayed as a path to peace, with the narrator seeking rest from their struggles.

Overall, the song captures a poignant blend of desperation and faith, illustrating the human experience of seeking support during challenging times while holding onto the hope that better days will arrive. This thematic richness makes it relevant for searches related to spirituality, emotional struggles, and the quest for inner peace."
Believer,Imany,"First things first
I'ma say all the words inside my head
I'm fired up and tired of the way that things have been, hm
The way that things have been, hm

Second things second
Don't you tell me what you think that I could be
I'm the one at the sail, I'm the mistress of my sea
Yeah, the mistress of my sea, oh

I was broken from a young age
Taking my sulking to the masses
Writing my poems for the few
Look at me, took to me, shook to me, feeling me
Singing from heartache from the pain
Taking my message from the veins
Speaking my lesson from the brain
Seeing the beauty through the

Pain!
You made me a, you made me a believer, believer
Pain!
You break me down, you build me up, believer, believer
Pain!
Oh, let the bullets fly, oh, let them rain
My life, my love, my drive, it came from
Pain!
You made me a, you made me a believer, believer

Third things third
Send a prayer to the ones up above
All the hate that you've heard has turned your spirit to a dove
Yeah, your spirit up above

I was choking in the crowd
Building my rain up in the cloud
Falling like ashes to the ground
Hoping my feelings, they would drown
But they never did, ever lived, ebbing and flowing
Inhibited, limited
Till it broke open and rained down
It rained down, like

Pain!
You made me a, you made me a believer, believer
Pain!
You break me down, you build me up, believer, believer
Pain!
Oh, let the bullets fly, oh, let them rain
My life, my love, my drive, it came from
Pain!
You made me a, you made me a believer, believer

Last things last
By the grace of the fire and the flames
You're the face of the future, the blood in my veins
You're the blood in my veins
But they never did, ever lived, ebbing and flowing
Inhibited, limited
Till it broke open and rained down
It rained down, like

Pain!
You made me a, you made me a believer, believer
Pain!
You break me down, you build me up, believer, believer
Pain!
Oh, let the bullets fly, oh, let them rain
My life, my love, my drive, it came from
Pain!
You made me a, you made me a believer, believer","The song ""Believer"" by Imany explores themes of resilience, self-empowerment, and the transformative power of pain. The lyrics convey a journey of personal growth, where the narrator expresses frustration with their past and a determination to take control of their own destiny. The imagery of sailing and being the ""mistress of my sea"" symbolizes autonomy and strength in navigating life's challenges.

Emotions of heartache and struggle are prevalent, as the narrator reflects on their experiences of feeling broken and limited. However, these struggles are framed as catalysts for growth, leading to a newfound belief in oneself. The repeated refrain emphasizes that pain has been a significant force in shaping their identity and drive, suggesting that adversity can lead to strength and belief in oneself.

The song also touches on themes of hope and spiritual connection, with references to sending prayers and the idea of rising above negativity. The imagery of rain and ashes evokes a sense of cleansing and renewal, reinforcing the idea that through pain, one can emerge stronger and more self-assured.

Overall, ""Believer"" is a powerful anthem about embracing pain as a necessary part of the journey toward self-discovery and empowerment, making it a fitting choice for themes of resilience and personal transformation."
If You Go Away,Imany,"If you go away
On this summer day
Then you might as well
Take the sun away

All the birds that flew
In the summer sky
When our love was new
And our hearts were high

When the day was young
And the night was long
And the moon stood still
For the night birds song

If you go away
If you go away
If you go away

But if you stay
I'll make you a day
Like no day has been
Or will be again

We'll sail on the sun
We'll ride on the rain
We'll talk to the trees
And worship the wind

Then if you go
I'll understand
Leave me just enough love
To fill up my hand

If you go away
If you go away
If you go away

If you go away
As I know you must
There'll be nothing left
In the world to trust

Just an empty room
Full of empty space
Like the empty look
That I see on your face

Can I tell you now?
As you turn to go
I'll be dying slowly
'Til the next hello

If you go away
If you go away
If you go away

But if you stay
I'll make you a night
Like no night has been
Or will be again

I'll sail on your smile
I'll ride on your touch
I'll talk to your eyes
That I love so much

But if you go
I won't cry
For the good is gone
Gone from goodbye

If you go away
If you go away
If you go away","The song ""If You Go Away"" by Imany explores themes of love, longing, and the emotional turmoil that accompanies the potential loss of a partner. The lyrics convey a deep sense of yearning and vulnerability, as the narrator reflects on the joy and beauty of a past relationship, symbolized by imagery of summer days, birds in the sky, and the tranquility of the night.

The emotional landscape shifts between hope and despair. The narrator expresses a desire for the partner to stay, promising to create unforgettable moments together, filled with warmth and connection. Imagery of sailing on the sun and talking to nature evokes a sense of idyllic romance and the magic of love.

Conversely, the repeated refrain of ""If you go away"" underscores the fear of abandonment and the emptiness that would follow. The narrator acknowledges the inevitability of separation but pleads for a lingering connection, even if it’s just a small remnant of love. The lyrics paint a poignant picture of the heartache that accompanies goodbyes, emphasizing the profound impact of love on one's emotional state.

Overall, the song captures the bittersweet nature of love, the joy of shared moments, and the pain of potential loss, making it a powerful exploration of relationships and the complexities of attachment."
Lately,Imany,"Many nights before
You've showed up on my door
But I didn't answer
I thought I knew better

I'm sorry
Lately, I haven't been myself
Oh, I am sorry
Lately, I haven't been myself

You say you wanted more
But that's all I have left
I've seen you once before
But with somebody else

I'm sorry
Lately, I haven't been myself
Oh, I am sorry
Lately, I haven't been myself

But at times I lose my mind
I wish you knew what I'm about
Give it one last try
I promise you, I ain't so bad

But at times I lose my mind
I wish you knew what I'm about
Give it one last try
I promise you, I ain't so bad

Oh, I'm sorry
Lately, I haven't been myself
Oh, I am sorry
Lately, I haven't been myself

I'm sorry, yes, I'm sorry
Oh, I'm sorry, I'm so sorry
I am","The song ""Lately"" by Imany explores themes of regret, self-reflection, and emotional vulnerability. The lyrics convey a sense of longing and remorse as the narrator grapples with their feelings and past actions. The repeated apologies highlight a struggle with identity and the impact of personal turmoil on relationships.

Imagery in the song evokes a sense of isolation, as the narrator reflects on missed opportunities and the presence of a former lover who has moved on. The emotional tone is one of sadness and introspection, as the narrator admits to not being themselves lately, suggesting a disconnect from their true self and the desire for reconciliation.

The situation described involves a complex relationship dynamic, where the narrator acknowledges their shortcomings and expresses a wish for a second chance. The plea for understanding and the promise of change indicate a desire to reconnect and mend the relationship, despite the emotional turmoil experienced.

Overall, the song captures the essence of vulnerability in love, the struggle for self-acceptance, and the hope for redemption. It is suitable for thematic searches related to regret, emotional struggles, and the complexities of love and relationships."
No More Fight Left in Me,Imany,"I gave up everything
I raised your children
I swimmed against the stream
I walked every mountain
What is it that you want from me?
Is it my soul? Is it my body?
What is it that I need to do
So you can set me free?

I am your daughter
Your wife and a mother
I am your sister
I am your lover
I am your daughter
Your wife and a mother
I am no quitter
I am a fighter
I want the power
That you took away from me

I am misunderstood
And it makes me lonely
I am nobody's fool
Just know that you need me
What is it that you want from me?
Is it my soul? Is it my body?
What is it that I need to do
So you can set me free?

I am your daughter
Your wife and a mother
I am your sister
I am your lover
I am your daughter
Your wife and a mother
I am no quitter
I am a fighter
I want the power
That you took away from me

I got no more fight left in me
I don't want you to be my enemy
I just want you to let me be myself
No more fight left in me
I don't want you to be my enemy
I just want you to let me be myself
I got no more fight left in me
I don't want you to be my enemy
I just want you to let me be myself
No more fight left in me
I don't want you to be my enemy
I just want you to let me be myself

No more fight left in me
I don't want you to be my enemy
I just want you to let me be myself
No more fight left in me
I don't want you to be my enemy
I just want you to let me be myself

No more fight left in me
I don't want you to be my enemy
I just want you to let me be myself
I got no more fight left in me
I don't want you to be my enemy
I just want you to let me be myself
I got no more fight left in me
I don't want you to be my enemy
I just want you to let me be myself

I gave up everything
I raised your children
I swimmed against the stream
I walked every mountain
What is it that you want from me?
Is it my soul? Is it my body?
What is it that I need to do
So you can set me free?","The song ""No More Fight Left in Me"" by Imany explores themes of sacrifice, identity, and the struggle for personal freedom. The lyrics convey a deep sense of emotional exhaustion and frustration, as the narrator reflects on the roles they have played—daughter, wife, mother, sister, and lover—while feeling misunderstood and trapped in a relationship that demands too much.

Imagery of struggle is prevalent, with references to swimming against the stream and walking mountains, symbolizing the challenges faced in trying to meet the expectations of others. The repeated questioning of what is wanted from them highlights a sense of desperation for clarity and liberation from the burdens imposed by others.

The emotional tone shifts from a sense of resilience, as the narrator identifies as a fighter, to a poignant realization of having ""no more fight left in me."" This culminates in a plea for acceptance and the desire to reclaim their individuality, emphasizing a longing for autonomy and self-acceptance.

Overall, the song captures the conflict between duty and self-identity, the pain of feeling undervalued, and the yearning for freedom from emotional constraints. It resonates with listeners who have experienced similar struggles in relationships, making it a powerful anthem for those seeking empowerment and self-discovery."
You Don't Have To Say You Love Me / Io che non vivo senza te - Medley,Jack Savoretti,"Siamo qui noi soli
Come ogni sera
Ma tu sei più triste
Ed io lo so perchè

Forse tu vuoi dirmi
Che non sei felice
Che io sto cambiando
E tu mi vuoi lasciare

Io che non vivo più di un'ora senza te
Come posso stare una vita senza te
Sei mia, sei mia, mai niente lo sai
Separarci un giorno potrà

When I said I needed you
You said you would always stay
Wasn't me who changed, but you
And now you've gone away

Don't you see now that you've gone
And I'm left here, left here on my own
That I have to follow you
And beg you to come home?

You don't have to say you love me
Just be close at hand
You don't have to stay forever
I will understand
Believe me, believe me

You don't have to say you love me
Just be close at hand
You don't have to stay forever
I will understand
Believe me, believe me
Believe me","The song ""You Don't Have To Say You Love Me / Io che non vivo senza te"" by Jack Savoretti explores themes of love, longing, and emotional vulnerability. The lyrics convey a sense of sadness and introspection as the narrator grapples with the potential loss of a significant relationship. 

The imagery reflects a quiet, intimate setting where two people are alone, yet there is an underlying tension due to one partner's unhappiness. The narrator senses a change in their relationship, expressing fears of separation and the pain of unreciprocated feelings. The emotional weight is palpable as the narrator reveals their deep dependency on their partner, stating they cannot imagine life without them.

The chorus emphasizes a desire for closeness over verbal affirmations of love, suggesting that physical presence is more important than declarations. The narrator expresses a willingness to accept the partner's needs, indicating a deep emotional connection and a plea for reconciliation. Overall, the song captures the complexities of love, the fear of abandonment, and the yearning for connection, making it relatable for anyone who has experienced similar feelings in a relationship."
Monsters,James Blunt,"Oh, before they turn off all the lights
I won't read you your wrongs or your rights
The time has gone
I'll tell you goodnight, close the door
Tell you I love you once more
The time has gone
So here it is

I'm not your son, you're not my father
We're just two grown men saying goodbye
No need to forgive, no need to forget
I know your mistakes and you know mine
And while you're sleeping I'll try to make you proud
So, daddy, won't you just close your eyes?
Don't be afraid, it's my turn
To chase the monsters away

Oh, well, I'll read a story to you
Only difference is this one is true
The time has gone
I folded your clothes on the chair
I hope you sleep well, don't be scared
The time has gone
So here it is

I'm not your son, you're not my father
We're just two grown men saying goodbye
No need to forgive, no need to forget
I know your mistakes and you know mine
And while you're sleeping I'll try to make you proud
So, daddy, won't you just close your eyes?
Don't be afraid, it's my turn
To chase the monsters away

Sleep a lifetime
Yes, and breathe a last word
You can feel my hand on your own
I will be the last one
So I'll leave a light on
Let there be no darkness, in your heart

But I'm not your son, you're not my father
We're just two grown men saying goodbye
No need to forgive, no need to forget
I know your mistakes and you know mine
And while you're sleeping I'll try to make you proud
So, daddy, won't you just close your eyes?
Don't be afraid, it's my turn
To chase the monsters away","The song ""Monsters"" by James Blunt explores themes of farewell, acceptance, and the complex relationship between a father and son. The lyrics convey deep emotions surrounding the impending loss of a loved one, as the narrator prepares to say goodbye to his father, who is likely facing a terminal illness. 

Imagery of darkness and light is prevalent, symbolizing the struggle against fear and the desire for comfort in the face of mortality. The narrator expresses a sense of responsibility and a wish to protect his father, promising to ""chase the monsters away,"" which represents both literal fears and the emotional turmoil associated with death.

The song captures a poignant moment of reflection, where the narrator acknowledges their shared imperfections and the lack of need for forgiveness, emphasizing a mature understanding of their relationship. The repeated reassurance to ""close your eyes"" and the act of leaving a light on suggest a desire to provide peace and solace during a difficult transition.

Overall, ""Monsters"" is a heartfelt tribute that encapsulates the bittersweet nature of saying goodbye, the complexities of familial bonds, and the hope for comfort in the face of loss."
If Only I Could Live My Life Again,Jane Morgan,"I love the way that your heart breaks
With every injustice and deadly fate
Praying it all be new
And living like it all depends on you

Here you are down on your knees again
Trying to find air to breathe again
Only surrender will help you now
I love you please see and believe again

I love that you're never satisfied
With face value wisdom and happy lies
You take what they say and go back and cry
You're so close to me that you nearly died

Here you are down on your knees again
Trying to find air to breathe again
Only surrender will help you now
I love you please see and believe again

They don't have to understand you
Be still
Wait and know I understand you
Be still
Be still

Here you are down on your knees again
Trying to find air to breathe again
Only surrender will help you now
The floodgates are breaking and pouring out

Here you are down on your knees
Trying to find air to breathe
Right where I want you to be again
I love you please see and believe again

Here you are down on your knees again
Trying to find air to breathe again
Right where I want you to be again
See and believe","The song ""If Only I Could Live My Life Again"" by Jane Morgan explores themes of love, vulnerability, and the struggle for emotional clarity. The lyrics convey a deep sense of empathy for someone who is grappling with pain and injustice, highlighting the emotional turmoil that comes with feeling overwhelmed and seeking solace. 

Imagery of being ""down on your knees"" suggests a state of desperation and surrender, emphasizing the need for support and understanding. The repeated plea for the listener to ""see and believe"" reflects a desire for connection and reassurance amidst turmoil. The song captures the tension between the desire for change and the acceptance of one's current struggles, portraying a journey of emotional resilience.

Overall, the emotions conveyed range from heartache and longing to hope and encouragement, as the narrator expresses a profound love for someone who is navigating their challenges. The imagery of breaking floodgates symbolizes an impending release of emotions, reinforcing the theme of vulnerability and the importance of surrendering to one's feelings. This song would resonate with listeners seeking themes of love, emotional struggle, and the quest for understanding in difficult times."
Happiest Year,Jaymes Young,"I'm really on the ropes this time
I've been fighting all my life for you
I never should've said goodbye
But maybe that's what stupid people do

'Cause you gave me peace
And I wasted it
I'm here to admit
That you were my medicine
Oh, I couldn't quit
And I'm down on my knees again
Asking for nothing

Thank you for the happiest year of my life
Thank you for the happiest year of my life, ooh
Ooh, ooh, ooh-ooh

Don't think I could forgive myself
I'm sorry for the ways that I used you
And I could care less right now
But you know, you hurt me pretty good too

Yeah, we made each other bleed
And we tasted it
I'm here to admit
That you were my medicine
Oh, love, I couldn't quit
And I'm down on my knees again

Thank you for the happiest year of my life
Oh, thank you for the happiest year of my life, ooh-ooh

So wake me up when they build that time machine
I want to go back
Wake me up when you are sleeping next to me
'Cause I really loved you, ooh-ooh

Thank you for the happiest year of my life
Thank you for the happiest year of my life, oh
Thank you for the happiest year of my life, yeah
Thank you for the happiest year of my life
Thank you for the happiest year of my life","The song ""Happiest Year"" by Jaymes Young explores themes of love, regret, and nostalgia. The lyrics convey a deep emotional struggle as the narrator reflects on a past relationship that brought both joy and pain. The imagery of being ""on the ropes"" suggests a sense of vulnerability and desperation, while the acknowledgment of having fought for the relationship highlights the intensity of their feelings.

The narrator expresses remorse for past mistakes, admitting to using their partner and recognizing the mutual hurt they caused each other. Despite the pain, there is a profound appreciation for the happiness experienced during that time, as indicated by the repeated gratitude for ""the happiest year of my life."" This juxtaposition of joy and sorrow creates a poignant emotional landscape.

The desire to turn back time and relive those moments is encapsulated in the wish for a time machine, emphasizing the longing for connection and the impact of love on their life. Overall, the song captures the complexity of relationships, blending themes of love, loss, and the bittersweet nature of cherished memories."
Candy Store,Jessica Keenan Wynn,"Are we gonna have a problem?
You got a bone to pick?
You've come so far why now are you pulling on my dick?
I'd normally slap your face off
And everyone here could watch
But I'm feeling nice
Here's some advice
Listen up biatch!

(I like)
Lookin' hot, buying stuff they cannot
(I like)
Drinking hard, maxin' dad's credit card
(I like)
Skippin' gym, scarin' her, screwin' him
(I like)
Killer clothes, kickin' nerds in the nose!

If you lack the balls, you can go play dolls
Let your mommy fix you a snack
(Whoa-oh!)
Or you could come smoke, pound some rum and coke
In my Porsche with the quarterback

(Whoa-whoa-whoa!)
Honey, what you waitin' for?
Welcome to my candy store
Time for you to prove you're not a loser anymore
And step into my candy store

(Guys fall)
At your feet, pay the check, help you cheat
(All you)
Have to do, say goodbye to Shamu
(That freak's)
Not your friend, I can tell in the end
(If she)
Had your shot, she would leave you to rot

'Course if you don't care, fine, go braid her hair
Maybe Sesame Street is on
(Whoa-oh!)
Or forget that creep and get in my Jeep
Let's go tear up someone's lawn

(Whoa-whoa-whoa)
Honey, what you waitin' for?
Welcome to my candy store
You just gotta prove you're not a pussy anymore
And step into my candy store

You can join the team
(Or you can bitch and moan)
You can live the dream
(Or you can die alone)
You can fly with eagles, or if you prefer
Keep on testing me and end up like her

Veronica, look!
Ram invited me to his homecoming party!
This proves he's been thinking about me!
Color me stoked
I'm so happy!

(Whoa) Oh-whoa-oh-oh!
Honey, what you waitin' for-
Shut up, Heather!
Step into my candy store
Time for you to prove you're not a lame ass anymore
And step into my candy store

It's my candy store
It's my candy
It's my candy store
It's my candy
It's my candy store
It's my candy store","The song ""Candy Store"" by Jessica Keenan Wynn explores themes of social power dynamics, peer pressure, and the allure of popularity in a high school setting. The lyrics convey a confident and somewhat aggressive attitude, as the narrator challenges others to prove their worth and embrace a more daring lifestyle. 

Emotions in the song range from playful to confrontational, with a sense of superiority and a desire for validation. The imagery of a ""candy store"" serves as a metaphor for a world filled with temptations and superficial pleasures, where fitting in and gaining acceptance come at a cost. The narrator encourages others to abandon their insecurities and join in on a lifestyle that includes partying, materialism, and social manipulation.

Situations depicted in the lyrics include confrontations with peers, the pressure to conform, and the thrill of rebellion against societal norms. The narrator's invitation to ""step into my candy store"" symbolizes an enticing but potentially toxic environment where one must prove their worth to gain acceptance. Overall, the song captures the complexities of teenage social life, highlighting both the excitement and the darker aspects of seeking popularity."
Give Me Love,Jessie Reid,"Show me a way out, give me your side of the story
Throw me a rope here, I've drifted way too far
I see it sometimes behind those kind eyes
I see it sometimes behind those kind eyes

Wake me up when this is all over
And take my heart with both of your hands
I've been spendin' all my days, just tryin' to find a way
Give me love when this is all over

It's been a long time comin', but it feels all the same anyway
You'll be in my mind at any given part of the day

Give me love when this is all over
And take my heart with both of your hands
I've been spendin' all my days just tryin' to find a way
Give me love when this is all over

Love will carry all our days 'til we find another way
No one ever said it'd be easy
Love will carry all our days 'til we find another way
No one ever said it'd be easy

Give me love when this is all over
Take my heart with both of your hands
I've been spendin' all my days just tryin' to find a way
Give me love when this is all over","The song ""Give Me Love"" by Jessie Reid explores themes of longing, vulnerability, and the search for emotional connection amidst struggle. The lyrics convey a sense of desperation and a plea for love and support during difficult times. The imagery of drifting and needing a lifeline suggests feelings of being lost and overwhelmed, while the repeated request for love emphasizes the importance of emotional reassurance.

The emotional tone is one of yearning and hope, as the narrator seeks solace and understanding from a significant other. Phrases like ""wake me up when this is all over"" reflect a desire to escape current hardships, while the acknowledgment that ""no one ever said it'd be easy"" highlights the challenges faced in relationships and life.

Overall, the song captures the complexities of love and the desire for connection, making it relatable for anyone who has experienced emotional turmoil and the need for support. It is a poignant reflection on the journey of love and the hope for brighter days ahead."
When I'm With You,JJ Heller,"When I hold you
In my arms, love
Somethin' changes
It's the strangest feelin'

The things that
Use to matter
They don't matter
To me

When I see you
And you're smilin'
How my heart aches
So full, it is about to break

You make me believe in love

I could never count all the ways
That you change me, baby
Everyday the sky is a deeper shade of blue
When I'm with you

When I hear you
And you're cryin'
It resonates, dear
In a place I didn't know was there

You make me believe in love

I could never count all the ways
That you change me, baby
Everyday the sky is a deeper shade of blue
When I'm with you

Beautiful, baby
You're sweeter than strawberry pie
Just like the mornin'
Your smile brings the sunshine

I could never count all the ways
That you change me, baby
Everyday the sky is a deeper shade of blue
When I'm with you

I could never count all the ways
That you change me, baby
Everyday the sky is a deeper shade of blue
When I'm with you","The song ""When I'm With You"" by JJ Heller explores themes of love, transformation, and emotional connection. The lyrics convey a deep sense of affection and the profound impact that a loved one has on the speaker's life. The imagery used throughout the song evokes warmth and joy, with references to holding someone in your arms, the beauty of a smile, and the changing colors of the sky, symbolizing the uplifting effect of love.

Emotions of longing, happiness, and vulnerability are prevalent, as the speaker expresses how their priorities shift when they are with their partner. The contrast between past concerns and the present joy highlights the transformative power of love. The song also touches on empathy, as the speaker feels their partner's pain, indicating a deep emotional bond.

Overall, the lyrics paint a picture of a loving relationship that brings light and meaning to life, making everyday experiences feel more vibrant and significant. This song would resonate with themes of romantic love, emotional growth, and the beauty of shared moments."
Your Young Voice,Jonny Muir,"And it's your young voice that's keeping me holding on
To my dull life, my dull life

And it's your young voice that's keeping me holding on
To my dull life, my dull life

And it's your young voice that's keeping me holding on
To my dull life, my dull life

And it's your young voice that's keeping me holding on
To my dull life, my dull life

And it's your young voice that's keeping me holding on
To my dull life, my dull life

And it's your young voice that's keeping me holding on","The song ""Your Young Voice"" by Jonny Muir explores themes of longing, hope, and the transformative power of youth. The repeated phrase ""your young voice"" symbolizes a source of inspiration and vitality that contrasts with the speaker's feelings of monotony and dullness in life. The emotional tone reflects a sense of yearning and dependence on this youthful energy to find meaning and motivation. The imagery of a ""dull life"" suggests a struggle with stagnation, while the young voice represents a beacon of hope that keeps the speaker anchored and engaged. Overall, the song captures the interplay between the vibrancy of youth and the challenges of adult life, making it a poignant reflection on the importance of connection and inspiration."
How the West Was Won,Katie Herzig,"I don't know how the west was won
How the ocean let all the sailors come
They came over one by one if only just to see

I don't know how happiness gets hidden in the wilderness
I'm leaving in the morning with my paddle and my lime

I don't know how to find you when
All I've been is a lighted window
Waiting for the dark to make it's way back into light

And you will hold me in your arms
And you will hold me in your arms

Maybe I'm just a pilgrim who is trying to make sense of you now
Pray the wind will take me where the space meets up with time
Where you will hold me in your arms","The song ""How the West Was Won"" by Katie Herzig explores themes of longing, discovery, and the search for connection. The lyrics convey a sense of uncertainty and introspection, as the narrator reflects on the complexities of happiness and the journey of life. Imagery of the ocean and wilderness evokes a feeling of adventure and the unknown, while the metaphor of being a ""lighted window"" suggests vulnerability and a desire for illumination in dark times.

Emotions of yearning and hope are prevalent, particularly in the repeated desire for intimacy and comfort, as expressed in the lines about being held in someone's arms. The narrator identifies as a pilgrim, symbolizing a quest for understanding and meaning in relationships. The mention of leaving with a ""paddle and my lime"" hints at embarking on a journey, both physically and emotionally, to find a place where time and space converge, ultimately seeking connection and solace.

This song captures the essence of exploration—both of the external world and of personal relationships—making it relevant for thematic searches related to love, adventure, and the quest for happiness."
Wonderful Life,Katie Melua,"Here I go out to sea again
The sunshine fills my hair
And dreams hang in the air
Gulls in the sky and in my blue eyes
You know it feels unfair
There's magic everywhere

Look at me standing
Here on my own again
Up straight in the sunshine
No need to run and hide
It's a wonderful wonderful life
No need to laugh or cry
It's a wonderful wonderful life

The sun's in your eyes
The heat is in your hair
They seem to hate you because you're there
And I need a friend
Oh I need a friend to make me happy
Not stand here on my own

Look at me standing
Here on my own again
Up straight in the sunshine
No need to run and hide
It's a wonderful wonderful life
No need to laugh or cry
It's a wonderful wonderful life

I need a friend
Oh I need a friend
To make me happy
Not so alone

Look at me here
Here on my own again
Up straight in the sunshine
No need to run and hide
It's a wonderful wonderful life
No need to laugh or cry
It's a wonderful wonderful life
It's a wonderful life
It's a wonderful life
It's a wonderful life","The song ""Wonderful Life"" by Katie Melua explores themes of solitude, self-acceptance, and the beauty of life despite its challenges. The lyrics convey a sense of longing for companionship while also celebrating the joy found in simple moments, such as being in the sunshine and surrounded by nature. 

Imagery of the sea, sunshine, and gulls evokes a serene and picturesque setting, contrasting with feelings of loneliness and the desire for friendship. The repeated affirmation of ""it's a wonderful wonderful life"" suggests an optimistic outlook, encouraging listeners to appreciate life's beauty even when faced with isolation or adversity. 

Emotions in the song range from a sense of wonder and joy to a poignant yearning for connection, highlighting the duality of experiencing happiness while feeling alone. Overall, the song captures the essence of finding joy in life’s moments while acknowledging the need for companionship."
Because You Love Me,Kaz Hawkins,"Don't wait for me
I'm not going 'cause I can't leave
I watched for years, your strength your pride
You held the doors, as life passed you by
Life just passed you by
Now, I can tell, you wanna go
Don't think of me 'cause I can't go
You gotta take the highs with the lows
So don't wait for me
I'm not going 'cause I can't leave
And don't, don't you dare say no
Just because you love me so

Take with you all the things you have
Just be yourself and don't be sad
There's bigger seeds to sow
I'll be beside you every step of the way
I'll hold you up when you go astray
Don't worry, it'll be ok

So don't, don't wait for me
I'm not going 'cause I can't leave
And don't, don't you dare say no
Just because you love me so

So don't, don't wait for me
I'm not going
I'm not not going 'cause I can't leave
And don't, don't, don't, don't you dare say no
Just because you love me so

So don't, don't wait for me
I'm not going, I'm not not going
I'm not not going, I can't leave
And don't, don't, don't, don't you dare say no
Just because you love me so
Just because you love me so
Just because you love me so","The song ""Because You Love Me"" by Kaz Hawkins explores themes of love, sacrifice, and personal growth. The lyrics convey a deep emotional struggle, where the speaker acknowledges their inability to leave a situation despite the love they share. The imagery reflects a sense of watching life unfold, with references to strength and pride, suggesting a relationship marked by both support and restraint.

The speaker encourages their partner to embrace new opportunities and not to wait for them, emphasizing the importance of self-discovery and moving forward. There is a bittersweet tone, as the speaker expresses a desire for their loved one to thrive, even if it means they must part ways. The repeated refrain underscores the complexity of love, where the speaker's affection is intertwined with a sense of duty and the recognition of their own limitations.

Overall, the song captures the emotional weight of love that is both uplifting and poignant, highlighting the tension between holding on and letting go. It resonates with listeners who have experienced similar feelings of wanting the best for someone else while grappling with their own constraints."
"Tear Up This Town - Orchestral Version / From ""A Monster Calls"" Original Motion Picture Soundtrack",Keane,"I wanna hand you my heart and let you carry the load
Nobody tells you anything you need to know
I need a friend but a friend is so hard to find
I need an answer, but I'm always one step behind
'Cause it takes time
Learning to fly

Do you ever feel like all you want is to go home?
To kiss the earth, to weave a way through this storm
Some days I rage like a fire in the wilderness
Some days I only need the darkness and a place to rest
Oh, it takes time
(It takes time)
Learning to fly

Tear up this town
Blinking in the sunlight as the walls come down
This fire will burn
Digging for a truth that just can't be found
Don't want your lessons in love
I wanna tear it all up

I need a friend but a friend is so hard to find
I need an answer but I'm always one step behind
Oh, it takes time
(It takes time)
Yeah, it takes time
(It takes time)
Learning to fly

Tear up this town
Blinking in the sunlight as the walls come down
This fire will burn
Digging for a truth that just can't be found
Don't want your lessons in love
I wanna tear it all up","The song ""Tear Up This Town"" by Keane, from the ""A Monster Calls"" soundtrack, explores themes of longing, struggle, and the search for truth amidst emotional turmoil. The lyrics convey a deep sense of yearning for connection and understanding, as the narrator expresses a desire to share their heart and burdens with someone else. There is a palpable sense of isolation, highlighted by the difficulty in finding friendship and answers, which creates a feeling of being perpetually behind in life.

Imagery in the song evokes a contrast between light and darkness, symbolizing the internal conflict between hope and despair. The narrator reflects on the desire to return home and find solace, while also experiencing intense emotions, likened to a raging fire. The repeated phrase ""it takes time"" emphasizes the journey of personal growth and healing, suggesting that learning to navigate life's challenges is a gradual process.

The chorus, with its call to ""tear up this town,"" signifies a desire for liberation and transformation, breaking free from constraints and societal expectations. The imagery of walls coming down and digging for elusive truths reinforces the theme of seeking authenticity in a world filled with confusion and superficial lessons in love.

Overall, the song captures a blend of vulnerability, frustration, and a yearning for freedom, making it a poignant reflection on the complexities of human emotions and relationships."
"Loser, Baby",Keith David,"So things look bad and your back's against the wall
Your whole existence seems fucking hopeless
You're feeling filthy as a dive bar bathroom stall
Can't face the world sober and dopeless
You've lost your way
You think your life is wrecked
Well, let me just say you're correct (wait, what?)

You're a loser, baby
A loser, goddamn baby
You're a fucked-up little whiny bitch (hey)
You're a loser just like me (thanks, asshole)
You're a screw-is-loose loser and only one-star reviews
You're a power bottom at rock bottom
But you got company (this supposed to make me feel better?)

There was a time I thought that no one could relate
To the gruesome ways in which I'm damaged
But letting walls down, it can sometimes set you straight
We're all living in the same shit sandwich
I sold my soul to a psychopathic freak
Ha ha! And you think that makes you unique?
Get out of here, man

We're both losers, baby, we're losers
It's okay to be a (coked-up dick-sucking hoe)
Maybe that's fine by me
I'm a loser, honey
A schmoozer and a dummy
But at least I know I'm not alone (you're a loser just like me)

I got an appetite for gambling
I got an appetite for sampling
Every drug and sex toy I can find
Go ahead, baby, sing that song
Come on
I got no holes left to deflower
I sold my soul to save my power
Now I'm on that demon's leash
I'm trapped and it gets worse with every hour

You're a loser, baby
A loser, but just maybe if we eat shit together
Things will end up differently
It's time to lose yourself
Loathe and excuse yourself
Let hope in, baby
Play your card, be who you are

A loser just like me","The song ""Loser, Baby"" by Keith David explores themes of despair, self-deprecation, and the shared experience of feeling like a failure. The lyrics convey a sense of hopelessness and frustration, depicting a protagonist who feels trapped in a cycle of addiction and self-loathing. Imagery of being in a grimy dive bar and feeling filthy emphasizes the emotional turmoil and low self-esteem the narrator experiences.

The song captures a raw, candid acknowledgment of personal flaws and failures, with lines that reflect a sense of camaraderie among those who feel lost. The repeated refrain of being a ""loser"" serves both as a self-critique and a unifying statement, suggesting that many people share similar struggles. The narrator's acceptance of their status as a ""loser"" is tinged with dark humor, indicating a coping mechanism in the face of life's challenges.

Emotions range from despair to a reluctant acceptance of one's flaws, with a hint of hope that comes from recognizing that others are in the same boat. The imagery of gambling, drug use, and sexual escapades paints a vivid picture of a chaotic lifestyle, while the call to ""lose yourself"" and ""be who you are"" suggests a path toward self-acceptance and authenticity, even in the midst of chaos.

Overall, the song resonates with themes of vulnerability, the search for connection, and the idea that embracing one's imperfections can lead to a sense of belonging. It is a candid reflection on the struggles of life, making it relatable for anyone who has felt like an outsider or a failure."
Because of You,Kelly Clarkson,"Ooh, ooh, ooh

I will not make the same mistakes that you did
I will not let myself cause my heart so much misery
I will not break the way you did, you fell so hard
I've learned the hard way to never let it get that far

Because of you
I never stray too far from the sidewalk
Because of you
I learned to play on the safe side, so I don't get hurt
Because of you
I find it hard to trust not only me, but everyone around me
Because of you, I am afraid

I lose my way
And it's not too long before you point it out
I cannot cry
Because I know that's weakness in your eyes
I'm forced to fake a smile, a laugh, every day of my life
My heart can't possibly break
When it wasn't even whole to start with

Because of you
I never stray too far from the sidewalk
Because of you
I learned to play on the safe side, so I don't get hurt
Because of you
I find it hard to trust not only me, but everyone around me
Because of you
I am afraid

I watched you die, I heard you cry every night in your sleep (I watched you die, in your sleep)
I was so young, you should have known better than to lean on me (I was too young for you to lean on me)
You never thought of anyone else, you just saw your pain (You never saw me)
And now I cry in the middle of the night
For the same damn thing

Because of you
I never stray too far from the sidewalk
Because of you
I learned to play on the safe side, so I don't get hurt
Because of you
I try my hardest just to forget everything
Because of you
I don't know how to let anyone else in
Because of you
I'm ashamed of my life, because it's empty
Because of you
I am afraid

Because of you (ooh)
Because of you (ooh, ooh)","The song ""Because of You"" by Kelly Clarkson explores themes of pain, betrayal, and the lasting impact of a troubled relationship, particularly between a parent and child. The lyrics convey deep emotional struggles stemming from past experiences, highlighting feelings of fear, mistrust, and the desire to avoid repeating the mistakes of a loved one.

The narrator reflects on the lessons learned from a difficult upbringing, vowing not to replicate the same patterns of emotional turmoil. Imagery of walking on the ""safe side"" symbolizes a cautious approach to life, driven by the fear of getting hurt. The song captures the internal conflict of wanting to trust but feeling unable to do so, resulting in a sense of isolation and shame.

The emotional weight is further emphasized through vivid recollections of witnessing a loved one's pain and the burden of being too young to handle such responsibility. The recurring phrase ""Because of you"" serves as a poignant reminder of how the past shapes the present, leading to a life marked by fear and emotional barriers.

Overall, the song encapsulates the struggle to overcome the shadows of a painful past while grappling with the desire for connection and the fear of vulnerability. It resonates with anyone who has faced the challenges of healing from emotional wounds and the complexities of familial relationships."
Come Online,Kid Francescoli,"I can't eat, I'm so hungry for loving you
I'll talk online all night, if that's what you're into
I can't sleep, I'm so hungry for loving you
So come online

Make me weak, I'm so hungry for kissing you
You little cyber freak, I know what you're into
Make me sick, 'cause I'm hopelessly missing you
So come online

I can't take it, it's sweeter than ice cream
Your little secret plays all up in my daydreams
I can't fake it, it's sweeter when you scream
So come online

Think you're giving me chronic insomnia
I dream in 20-second clips, like it's mania
Think I'm addicted to endlessly missing ya
So come online

Take me deeper and deeper in your internet
Take me deeper and deeper in your internet
Take me deeper and deeper in your internet
Take me deeper and deeper in your internet
Take me deeper and deeper in your internet
Take me deeper and deeper in your internet
Take me deeper and deeper in your internet
Take me deeper and deeper in your internet","The song ""Come Online"" by Kid Francescoli explores themes of longing, desire, and the complexities of modern love, particularly in the context of online relationships. The lyrics convey a deep emotional hunger for connection and intimacy, emphasizing a sense of urgency and yearning for the presence of a loved one. 

Imagery of hunger and addiction is prevalent, with phrases like ""I can't eat"" and ""I'm so hungry for loving you,"" illustrating the intense craving for affection and closeness. The use of digital communication as a means of connection is highlighted, with references to talking online and the allure of a ""cyber freak,"" suggesting a playful yet serious engagement with the virtual aspects of romance.

The song captures feelings of insomnia and obsession, as the narrator expresses how thoughts of the beloved invade their mind, leading to a sense of mania and restlessness. The repeated call to ""come online"" serves as both an invitation and a plea, underscoring the desire for deeper emotional and physical connection through the digital medium.

Overall, the song encapsulates the bittersweet nature of modern love, blending themes of longing, addiction, and the interplay between reality and the digital world, making it relatable for anyone navigating relationships in the age of technology."
Can’t Help Falling in Love,Kina Grannis,"Wise men say
Only fools rush in
But I can't help falling in love with you
Shall I stay?
Would it be a sin?
If I can't help falling in love with you
Like a river flows
Surely to the sea
Darling, so it goes
Some things are meant to be
So take my hand
Take my whole life, too
For I can't help falling in love with you
For I can't help falling in love with you","The song ""Can't Help Falling in Love"" by Kina Grannis explores themes of love, destiny, and vulnerability. The lyrics convey a deep emotional connection and the inevitability of falling in love, despite the caution advised by ""wise men."" The imagery of a river flowing to the sea symbolizes the natural and unstoppable course of love. The singer grapples with the tension between desire and the fear of making a mistake, questioning whether staying in love is right or wrong. Ultimately, the song expresses a heartfelt surrender to love, emphasizing a willingness to give oneself completely to a partner. The overall mood is romantic and introspective, capturing the beauty and complexity of falling in love. This song is ideal for searches related to themes of romantic devotion, the inevitability of love, and emotional vulnerability."
My Love,Kovacs,"Babe, don't try to call
My heart is ticking and the show
Just won't wait

It's strange
You couldn't see it my way
Hey, now go

I pray for you to fall
The spark
Has died and now you're just
Too late

A shame
You're knocking at the wrong gate
Hey, go home

Come what may
I won't give away

My love, diamond rings and Chevrolets
My love, aces high and cigarettes
My love, faking all like Hollywood
My love, love, love

No way you'll see me crawl
Like a shark
I'll be ripping you apart, and celebrate

With lots of champagne
You caught me on the wrong day
Now you know

Come what may
I won't give away

My love, see me dancing in the rain
My love, no more whiskey and cocaine
My love, ending all forbidden fruit
My love, love, love

Ashes to ashes, dust to dust
No you can't amuse me, so leave you must
Ashes to ashes, dust to dust
If the spell won't kill you, your ego does

My love, diamond rings and Chevrolets
My love, no more tears and no regrets
My love, time to lay the man to rest
My love, love, love","The song ""My Love"" by Kovacs explores themes of heartbreak, empowerment, and moving on from a toxic relationship. The lyrics convey a sense of finality and self-assertion, as the narrator expresses a refusal to return to a past love that has caused pain. Emotions of frustration and liberation are prominent, with imagery of celebration and resilience, such as dancing in the rain and toasting with champagne.

The narrator reflects on the end of a relationship, indicating that the spark has faded and that the other person is now too late to rekindle it. There is a strong sense of independence, as the narrator declares they will not ""give away"" their love and will not be brought down by the past. The repeated references to material symbols like ""diamond rings and Chevrolets"" and indulgent vices like ""whiskey and cocaine"" highlight a contrast between superficial allure and genuine emotional connection.

Overall, the song captures a journey from heartbreak to self-empowerment, emphasizing the importance of self-worth and the decision to move forward without regret. The imagery of ashes and dust suggests a finality to the relationship, reinforcing the theme of closure and the narrator's determination to embrace a new chapter in life."
Shirley (Sound of the Underground),Kovacs,"All that I had is gone
And the sad songs know how I feel.
Your kind of love was never enough.
Too bright in the melody

All that I have is gone
Pack my bags and just disappear.
And I search for the street, where we used to meet
To find you again, my deer.

There's somebody, who'll be there as I breath,
Be the blood in my veins as I sail.
When I hear the sound of the underground,
It will bring you back to me.

All that I had is here -
I would sing and there you would be.
In the heat of the night, there you left my side.
Now London has started to freeze.

All that I want is here -
I will drink and there you will be.
There's a space in the bar and a brandnew start,
If I can stand on my in two feet.

There's somebody, who'll be there as I breath,
Be the blood in my veins as I sail.
When I hear the sound of the underground,
It will bring you back to me.

I'll smoke a cigarette
And to dose death.
All I can see is your far cry -
Exactly like you said.

There's somebody, who'll be there as I breath,
Be the blood in my veins as I sail.
When I hear the sound of the underground
It will bring you back to me,
It will bring you back to me,
It will bring you back to me.","The song ""Shirley (Sound of the Underground)"" by Kovacs explores themes of loss, longing, and the search for connection amidst heartbreak. The lyrics convey a deep sense of sorrow and nostalgia, as the narrator reflects on a love that was ultimately unfulfilling and has now vanished. Imagery of packing bags and disappearing suggests a desire to escape the pain of lost love, while the mention of searching for familiar places evokes memories of past intimacy.

Emotions of yearning and melancholy permeate the song, particularly in lines that express a longing for the presence of a loved one. The narrator seeks solace in memories and the hope of rekindling a connection, symbolized by the ""sound of the underground,"" which serves as a metaphor for the pulse of the city and the memories tied to it. The contrast between the warmth of past moments and the current coldness of London highlights the emotional void left by the departed partner.

The lyrics also touch on themes of resilience and the possibility of new beginnings, as the narrator contemplates finding a fresh start in a bar setting. However, there is an underlying struggle with coping mechanisms, such as smoking and drinking, indicating a battle with grief and the desire to numb the pain.

Overall, the song captures the complexity of love and loss, blending vivid imagery with raw emotions, making it a poignant reflection on the impact of relationships and the hope for reconnection."
Jealous,Labrinth,"I'm jealous of the rain
That falls upon your skin
It's closer than my hands have been
I'm jealous of the rain
I'm jealous of the wind
That ripples through your clothes
It's closer than your shadow
Oh, I'm jealous of the wind, cause

I wished you the best of
All this world could give
And I told you when you left me
There's nothing to forgive
But I always thought you'd come back, tell me all you found was
Heartbreak and misery
It's hard for me to say, I'm jealous of the way
You're happy without me

I'm jealous of the nights
That I don't spend with you
I'm wondering who you lay next to
Oh, I'm jealous of the nights
I'm jealous of the love
Love that was in here
Gone for someone else to share
Oh, I'm jealous of the love, cause

I wished you the best of
All this world could give
And I told you when you left me
There's nothing to forgive
But I always thought you'd come back, tell me all you found was
Heartbreak and misery
It's hard for me to say, I'm jealous of the way
You're happy without me

As I sink in the sand
Watch you slip through my hands
Oh, as I die here another day
Cause all I do is cry behind this smile

I wished you the best of
All this world could give
And I told you when you left me
There's nothing to forgive
But I always thought you'd come back, tell me all you found was
Heartbreak and misery
It's hard for me to say, I'm jealous of the way
You're happy without me

It's hard for me to say, I'm jealous of the way
You're happy without me","The song ""Jealous"" by Labrinth explores themes of heartbreak, longing, and envy following a breakup. The narrator expresses deep feelings of jealousy towards the elements and experiences that bring their former partner joy, such as the rain and wind, which symbolize intimacy and closeness that the narrator no longer shares. The imagery of nature highlights the emotional distance and the pain of watching someone move on.

The lyrics convey a sense of resignation and sorrow, as the narrator wishes their ex-partner well while grappling with their own feelings of loss and inadequacy. They reflect on the nights spent apart and the love that has shifted to someone else, emphasizing a sense of betrayal and loneliness. The repeated acknowledgment of wishing the best for the ex-partner contrasts with the narrator's internal struggle, revealing a complex mix of selflessness and deep-seated pain.

Overall, the song captures the emotional turmoil of watching someone you love find happiness without you, underscoring feelings of jealousy, sadness, and the difficulty of moving on. This emotional depth and vivid imagery make it relatable for anyone who has experienced similar feelings of loss and longing."
Hold My Hand,Lady Gaga,"To tell me you need me

Hold my hand, everything will be okay
I heard from the heavens that clouds have been gray
Pull me close, wrap me in your aching arms
I see that you're hurting, why'd you take so long

To tell me you need me? I see that you're bleeding
You don't need to show me again
But if you decide to, I'll ride in this life with you
I won't let go 'til the end

So, cry tonight
But don't you let go of my hand
You can cry every last tear
I won't leave 'til I understand
Promise me, just hold my hand

Raise your head, look into my wishful eyes
That fear that's inside you will lift, give it time
I can see everything you're blind to now
Your prayers will be answered, let God whisper how

To tell me you need me, I see that you're bleeding
You don't need to show me again
But if you decide to, I'll ride in this life with you
I won't let go 'til the end

So, cry tonight
But don't you let go of my hand
You can cry every last tear
I won't leave 'til I understand
Promise you'll just hold my hand

Hold my hand, hold my-
Hold my hand, my hand
I'll be right here, hold my hand
Hold my hand, hold my-
Hold my hand, my hand
I'll be right here, hold my hand

I know you're scared and your pain is imperfect
But don't you give up on yourself
I've heard a story, a girl, she once told me
That I would be happy again

Hold my hand, yeah
Hold my hand, oh yeah
Hold my hand, hold my hand
Hold my hand, hold my hand
Hold my hand

I heard from the heavens","The song ""Hold My Hand"" by Lady Gaga explores themes of support, love, and emotional healing. The lyrics convey a deep sense of empathy and reassurance, as the narrator encourages a loved one who is experiencing pain and vulnerability. The imagery of holding hands symbolizes connection and comfort, suggesting that together they can face life's challenges.

Emotions of sadness, fear, and hope are prevalent throughout the song. The narrator acknowledges the other person's struggles, urging them to express their feelings and not to feel alone in their suffering. Phrases like ""cry tonight"" and ""you can cry every last tear"" highlight the importance of emotional release and the promise of unwavering support.

The song also touches on themes of faith and resilience, with references to divine guidance and the belief that healing is possible. The narrator reassures their partner that they will remain by their side, emphasizing a commitment to ride through life's ups and downs together.

Overall, ""Hold My Hand"" is a heartfelt anthem about companionship, understanding, and the power of love to help overcome adversity. It serves as a reminder that even in difficult times, one is not alone, and that hope and healing are attainable with the support of a caring partner."
Tough Luck,Laufey,"Are you tired?
I can tell that you're tired
Your eyes turn gray
You beg me to be silent
You said I can't read your mind
But I'm reading it just fine
You think you're so misunderstood
The black cat of your neighborhood
Tough luck my boy, your time is up
I'll break it first, I've had enough
Of waiting 'till you lie and cheat
Just like you did to the actress before me
Oops, she doesn't even know
You won't be missed, I'm glad to see you go (tough luck, tough luck)
Since we're spilling secrets
Does your mother even know? (Mother even know)
You demoralized, effaced me
Just to feed your frail ego
When you're screaming at the TV
Cussing out opposing football teams
You said I'd never understand
The things that make a man, a man
Tough luck my boy, your time is up
I'll break it first, I've had enough
Of waiting 'till you lie and cheat
Just like you did to the actress before me
Oops, she doesn't even know
You won't be missed, I'm glad to see you—
I should congratulate thee 
For so nearly convincing me
I'm not quite as smart as I seem
That I'm a loudmouthed nobody
My accent and music are dumb
Your tattoos are no better, hun
The proof says you're tragic as fuck
The truth is that's just tough, tough luck
Tough, tough luck
Tough, tough luck
Tough luck my boy, your time is up
I'll break it first, I've had enough
Of waiting 'till you lie and cheat
Just like you did to the actress before me
Oops, she doesn't even know
You won't be missed, I'm glad to see you go
","The song ""Tough Luck"" by Laufey explores themes of betrayal, empowerment, and emotional resilience in the face of a toxic relationship. The lyrics convey a sense of frustration and disillusionment as the narrator addresses a partner who has been deceitful and manipulative. The imagery of tiredness and gray eyes suggests emotional exhaustion, while references to being misunderstood and compared to a ""black cat"" evoke feelings of isolation and bad luck.

The narrator expresses a strong sense of self-awareness and determination, declaring that they have had enough of the partner's lies and infidelities. The repeated phrase ""tough luck"" serves as a defiant farewell, indicating a refusal to be victimized any longer. The song also touches on themes of self-worth, as the narrator confronts the partner's attempts to undermine their confidence, ultimately reclaiming their power.

Situationally, the lyrics depict a moment of confrontation and revelation, where secrets are spilled, and the narrator reflects on the partner's past behavior, including their treatment of others. The emotional tone ranges from bitterness to empowerment, culminating in a sense of liberation as the narrator expresses relief at the end of the relationship.

Overall, ""Tough Luck"" captures the complexities of navigating a toxic relationship, highlighting themes of betrayal, self-empowerment, and the importance of recognizing one's worth."
Snow White,Laufey,"Can't help but notice, all of the ways 
In which I failed myself, I failed the world all the same 
I don't think I'm pretty, it's not up for debate 
A woman's best currency is her body, not her brain 
They try to tell me, tell me I'm wrong
But mirrors tell lies to me, my mind just plays along
The world is a sick place, at least for a girl
The people want beauty, skinny always wins
And I don't have enough of it, I'll never have enough of it 

Sometimes I see her, she looks like Snow White
She's everything I am but my wrongs are turned to rights 
Her body is smaller, skin is so fair
She's achieved everything I've dreamed of 
And it's all that I can think of 
They try to tell me, tell me I'm wrong 
But mirrors tell lies to me, my mind just plays along
The world is a sick place, at least for a girl
The people want beauty, skinny, always wins 
And I don't have enough of it, I'll never have enough of it
","The song ""Snow White"" by Laufey explores themes of self-doubt, societal beauty standards, and the internal struggle of a woman grappling with her self-image. The lyrics convey a deep sense of insecurity and frustration, as the narrator reflects on her perceived failures and the pressure to conform to unrealistic ideals of beauty. 

Imagery of mirrors and the character of Snow White symbolize the contrast between the narrator's self-perception and the societal expectations of femininity. The narrator feels overshadowed by the idealized version of beauty represented by Snow White, who embodies everything she aspires to but feels she cannot attain. This creates a poignant emotional landscape filled with longing and disillusionment.

The song captures the painful reality of living in a world that often prioritizes physical appearance over intelligence and individuality, particularly for women. The repeated acknowledgment of feeling inadequate and the belief that ""skinny always wins"" highlights the pervasive nature of these societal pressures. Overall, the song resonates with themes of vulnerability, comparison, and the quest for self-acceptance amidst external judgments."
Someone You Loved,Lewis Capaldi,"I'm going under and this time I fear there's no one to save me
This all or nothing really got a way of driving me crazy

I need somebody to heal, somebody to know
Somebody to have, somebody to hold
It's easy to say, but it's never the same
I guess I kinda liked the way you numbed all the pain

Now the day bleeds into nightfall
And you're not here to get me through it all
I let my guard down, and then you pulled the rug
I was getting kinda used to being someone you loved

I'm going under and this time I fear there's no one to turn to
This all or nothing way of loving got me sleeping without you

Now, I need somebody to know, somebody to heal
Somebody to have, just to know how it feels
It's easy to say, but it's never the same
I guess I kinda liked the way you helped me escape

Now the day bleeds into nightfall
And you're not here to get me through it all
I let my guard down, and then you pulled the rug
I was getting kinda used to being someone you loved

And I tend to close my eyes when it hurts sometimes
I fall into your arms
I'll be safe in your sound 'til I come back around

For now the day bleeds into nightfall
And you're not here to get me through it all
I let my guard down, and then you pulled the rug
I was getting kinda used to being someone you loved

But now the day bleeds into nightfall
And you're not here to get me through it all
I let my guard down, and then you pulled the rug
I was getting kinda used to being someone you loved

I let my guard down, and then you pulled the rug
I was getting kinda used to being someone you loved","The song ""Someone You Loved"" by Lewis Capaldi explores themes of heartbreak, longing, and vulnerability. The lyrics convey a deep sense of emotional turmoil as the narrator grapples with the absence of a significant other who provided comfort and support. The imagery of day bleeding into nightfall symbolizes the transition from hope to despair, highlighting the loneliness felt in the absence of love.

The narrator expresses a desperate need for connection, seeking someone to heal and understand them. There is a poignant contrast between the ease of expressing these needs and the painful reality of their situation. The repeated phrase ""I let my guard down, and then you pulled the rug"" illustrates the betrayal and sudden loss that has left the narrator feeling unmoored and vulnerable.

Overall, the song captures the struggle of coping with loss and the emotional weight of missing someone who played a crucial role in the narrator's life. The themes of dependency, emotional pain, and the longing for solace resonate throughout, making it a powerful reflection on love and loss. This summary can help retrieve the song for thematic questions related to heartbreak, vulnerability, and the complexities of love."
Wish You The Best,Lewis Capaldi,"I miss knowin' what you're thinkin'
And hearin' how your day has been
Do you think you could tell me everythin', darlin'?
But leave out every part about him
Right now, you're probably by the ocean
While I'm still out here in the rain
With every day that passes by since we've spoken
It's like Glasgow gets farther from LA

Maybe it's supposed to be this way

But, oh, my love
I wanna say, ""I miss the green in your eyes""
And when I said we could be friends, guess I lied
I wanna say, ""I wish that you never left""
Oh, but instead, I only wish you the best
I wanna say, ""Without you, everythin's wrong""
And you were everythin' I need all along
I wanna say, ""I wish that you never left""
Oh, but instead, I only wish you the best

Well, I can't help but notice
You seem happier than ever now
And I guess that I should tell you I'm sorry
It seems I was the problem somehow

Maybe I only brought you down

But, oh, my love
I wanna say, ""I miss the green in your eyes""
And when I said we could be friends, guess I lied
I wanna say, ""I wish that you never left""
Oh, but instead, I only wish you the best
I wanna say, ""Without you, everythin's wrong""
And you were everythin' I need all along
I wanna say, ""I wish that you never left""
Oh, but instead, I only wish you the best

But, oh, my love
Oh, whoa
Oh, my love
Oh, whoa

Wish I could say it's somethin' I really mean
But I want you happy whether or not it's with me
I wanna say, ""I wish that you never left""
Oh, but instead, I only wish you the best
I wanna say, ""Without you, everythin's wrong""
And you were everythin' I need all along
I wanna say, ""I wish that you never left""
Oh, but instead, I only wish you the best","The song ""Wish You The Best"" by Lewis Capaldi explores themes of heartbreak, longing, and the bittersweet nature of love. The lyrics convey deep emotions of nostalgia and sadness as the narrator reflects on a past relationship. The imagery contrasts the narrator's rainy, lonely environment with the ex-partner's apparent happiness by the ocean, highlighting feelings of separation and loss.

The narrator expresses a desire to reconnect and understand the ex-partner's current life, while grappling with the pain of their absence. There is a strong sense of regret and self-reflection, as the narrator acknowledges their own role in the relationship's end, suggesting feelings of guilt and inadequacy.

Despite the longing and sorrow, the narrator ultimately wishes the best for their former lover, indicating a selfless love that prioritizes the ex-partner's happiness over their own desires. This duality of wishing for the ex-partner's well-being while still feeling the weight of loss creates a poignant emotional landscape throughout the song. 

Overall, the song captures the complexity of moving on from a significant relationship, blending themes of love, regret, and acceptance. It resonates with anyone who has experienced the pain of letting go while still caring deeply for someone."
Before You Go,Lewis Capaldi,"I fell by the wayside, like everyone else
[00:06.62] I hate you, I hate you, I hate you
[00:09.64] But I was just kidding myself
[00:10.34] Our every moment, I start to replace
[00:14.34] 'Cause now that they're gone
[00:16.11] All I hear are the words that I needed to say
[00:18.27] When you hurt under the surface
[00:19.88] Like troubled water running cold
[00:24.67] Well, time can heal, but this won't
[00:31.59] So, before you go
[00:39.27] Was there something I could've said
[00:42.65] To make your heart beat better?
[00:44.78] If only I'd have known you had a storm to weather
[00:48.24] So, before you go
[00:52.62] Was there something I could've said
[00:57.42] To make it all stop hurting?
[01:00.18] It kills me how your mind can make you feel so worthless
[01:04.17] So, before you go
[01:08.85] Was never the right time, whenever you called
[01:16.27] Went little, by little, by little until there was nothing at all
[01:19.66] Our every moment, I start to replay
[01:24.25] But all I can think about is seeing that look on your face
[01:27.31] When you hurt under the surface
[01:30.56] Like troubled water running cold
[01:35.72] Well, time can heal, but this won't
[01:40.68] So, before you go
[01:47.83] Was there something I could've said
[01:51.88] To make your heart beat better?
[01:54.11] If only I'd have known you had a storm to weather
[01:58.04] So, before you go
[02:03.02] Was there something I could've said
[02:08.02] To make it all stop hurting?
[02:10.56] It kills me how your mind can make you feel so worthless
[02:13.97] So, before you go
[02:19.25] Would we be better off by now
[02:22.71] If I'd let my walls come down?
[02:26.37] Maybe, I guess we'll never know
[02:30.03] You know, you know
[02:33.09] Before you go
[02:39.13] Was there something I could've said
[02:42.03] To make your heart beat better?
[02:43.88] If only I'd have known you had a storm to weather
[02:47.89] So, before you go
[02:53.41] Was there something I could've said
[02:56.91] To make it all stop hurting?
[02:59.72] It kills me how your mind can make you feel so worthless
[03:03.73] So, before you go
[03:12.81] 
","The song ""Before You Go"" by Lewis Capaldi explores themes of regret, emotional pain, and the struggle to communicate effectively in relationships. The lyrics convey a deep sense of sorrow and longing, as the narrator reflects on a lost connection and the feelings of helplessness that accompany it. 

The imagery of ""troubled water running cold"" symbolizes the underlying emotional turmoil that the other person is experiencing, while the narrator grapples with feelings of guilt and the desire to have said or done something to alleviate their pain. The repeated questioning of whether there was something that could have been said to ""make your heart beat better"" highlights the narrator's wish for a different outcome and their frustration at not being able to help.

Emotions of worthlessness and despair are prevalent, as the narrator acknowledges the impact of mental struggles on the other person's well-being. The song captures a poignant moment of reflection, where the narrator wonders if their own emotional barriers contributed to the relationship's downfall. Ultimately, ""Before You Go"" encapsulates the heartache of losing someone and the haunting questions that linger in the aftermath, making it a powerful ballad about love, loss, and the complexities of human connection."
For You (Fifty Shades Freed),Liam Payne,"In your eyes I'm alive
Inside you're beautiful
Something so unusual
In your eyes, I know I'm home, yeah

Every tear, every fear
Gone with the thought of you
Changing what I thought I knew
I'll be yours for a thousand lives

I'm free as a bird when I'm flying in your cage
I'm diving in deep and I'm riding with no brakes
And I'm bleeding your love when you're swimming in my veins
You've got me now

Been waiting for a lifetime for you
Been breaking for a lifetime for you
Wasn't looking for love 'til I found you
Oh, nah-nah, yeah
For love, 'til I found you, oh

Skin to skin, breathe me in
Feel with your kiss on me
Lips are made of ecstasy
I'll be yours for a thousand lives
(For a thousand lives)

I'm free as a bird when I'm flying in your cage (so lost)
I'm diving in deep and I'm riding with no brakes (no, no)
And I'm bleeding your love when you're swimming in my veins
You've got me now

Been waiting for a lifetime for you
Been breaking for a lifetime for you
Wasn't looking for love 'til I found you
Oh, nah-nah, yeah
For love, 'til I found you, oh

Been waiting for a lifetime for you
Been breaking for a lifetime for you
Wasn't looking for love 'til I found you
Oh, nah-nah, yeah
For love, 'til I found you, oh

I'm free as a bird when I'm flying in your cage
I'm diving in deep and I'm riding with no brakes
I'm bleeding your love when you're swimming in my veins
You've got me now

Been waiting for a lifetime for you
Been breaking for a lifetime for you
Wasn't looking for love 'til I found you
Oh, nah-nah, yeah
For love, 'til I found you, oh

Been waiting for a lifetime for you
Been breaking for a lifetime for you
Wasn't looking for love 'til I found you
Oh, nah-nah, yeah
For love, 'til I found you, oh

Wasn't looking for love 'til I found you
Oh, nah-nah, yeah
For love, 'til I found you, oh","The song ""For You"" by Liam Payne explores themes of love, longing, and emotional connection. The lyrics convey a deep sense of devotion and the transformative power of love, emphasizing how the presence of a significant other can bring a sense of home and belonging. The imagery of being ""free as a bird"" while ""flying in your cage"" suggests a paradox of freedom within a loving relationship, highlighting the joy and exhilaration that love can bring.

Emotions of vulnerability and surrender are prevalent, as the singer expresses a willingness to give everything for this love, stating, ""I'll be yours for a thousand lives."" The repeated lines about waiting and breaking for a lifetime underscore a sense of anticipation and the idea that true love was worth the wait, even if it was unexpected.

The song also incorporates sensual imagery, with references to physical intimacy and the intoxicating nature of love, such as ""skin to skin"" and ""bleeding your love."" Overall, the lyrics paint a vivid picture of passionate love that is both liberating and consuming, making it a fitting choice for themes of romance, desire, and emotional depth."
Love You Twice,Lilla Vargen,"Take me back to when the streets were glowing
Back to when our love was young and still was showing
Take me back to when I felt alive
We could have made it
We almost got it right
We almost got it right

Before we lost it all
Before we paid the price
I loved you once
Now won't you let me love you twice?
And you know I've been losing days
Missing your wicked ways
And you know I've been losing days
Wishing this pain away

You promised you'd never forget me
Now I see forgetting was easy
Won't you spare a moment of your time?
Yeah, we could have made it
We almost got it right
We almost got it right

Before we lost it all
Before we paid the price
I loved you once
Now won't you let me love you twice?
And you know I've been losing days
Missing your wicked ways
And you know I've been losing days
Wishing this pain away

Though I want you
I want you to stay

Before we lost it all
Before we paid the price
I loved you once
Now won't you let me love you twice?
And you know I've been losing days
Missing your wicked ways
And you know I've been losing days
Wishing this pain away","The song ""Love You Twice"" by Lilla Vargen explores themes of nostalgia, lost love, and longing for a second chance. The lyrics evoke a sense of yearning as the narrator reflects on a past relationship, reminiscing about happier times when their love was vibrant and alive. Imagery of glowing streets and youthful love creates a vivid backdrop for the emotional turmoil experienced after the relationship has ended.

The narrator expresses regret over what could have been, emphasizing the idea that they ""almost got it right"" before losing everything. This sense of loss is palpable, as the narrator grapples with feelings of pain and the desire to rekindle the connection they once shared. The repeated plea to ""love you twice"" highlights a longing for reconciliation and the hope of revisiting the love that has faded.

Overall, the song captures the bittersweet emotions associated with reminiscing about a past romance, the struggle to move on, and the desire to relive cherished moments. It resonates with anyone who has experienced the complexities of love and loss, making it a poignant reflection on the impact of relationships."
Old Note,Lisa O'Neill,"The wind whistled you in behind the springtime
Float old note new among my mind
You hold the note, the note just moves the movement
Let go of the note and so move everything
I can't come to quantify the feeling
I was walking home half in the dreaming
The things that I was thinking I was singing
The wind whistled you in behind the springing
A star ran rings around the star before me
And spun and swooped and sank and rocked beneath me
And mirrored what I've carried since I met me
And shot me back into the ground below me
And there I met another note long buried
And sat upon its shoulders was a memory
A home but sea above me's gone so noisy
I almost think I do not recognize me
Feathered friend dig up and resurrect me
I long to live among the song of bardes
A lawless league of lonesome lonesome beauty
Skies and skies and skies above duty
The wind whistled you in behind the springtime
Float old note new among my mind
You hold the note, the note just moves the movement
Let go of the note and so move everything
I can't come to quantify the feeling
I was walking home half in the dreaming
The things that I was thinking I was singing
The wind whistled you in behind the springing","The song ""Old Note"" by Lisa O'Neill explores themes of nostalgia, self-discovery, and the interplay between memory and emotion. The imagery evokes a sense of nature and the passage of time, with references to the wind, springtime, and celestial bodies, creating a dreamlike atmosphere. The lyrics convey a feeling of introspection, as the narrator reflects on their thoughts and feelings while walking home, caught between reality and a dream state.

Emotions of longing and a desire for connection are prominent, particularly in the lines that express a wish to be ""resurrected"" and to live among the beauty of music and nature. The mention of an ""old note"" symbolizes buried memories and past experiences that resurface, prompting a journey of self-exploration. The repeated motif of the wind suggests a transformative force, encouraging the narrator to let go of the past and embrace change.

Overall, the song captures a sense of wandering through both physical and emotional landscapes, highlighting the complexity of identity and the beauty found in solitude and reflection. It is a poignant meditation on the relationship between the self and the world, making it relevant for thematic inquiries related to memory, nature, and personal growth."
Black Friday (pretty like the sun),Lost Frequencies,"I wanna go party, I wanna have fun
I wanna be happy, could you show me how it's done?
You look so pretty, pretty like the sun
I could watch forever while you shine on everyone

I wanna go party, I wanna have fun
I wanna be happy, could you show me how it's done?
You look so pretty, pretty like the sun
I could watch forever while you shine on everyone

I wanna go party, I wanna have fun
I wanna be happy, could you show me how it's done?
You look so pretty, pretty like the sun
I could watch forever while you shine on everyone

I wanna be happy 'cause I wanna be your friend
I wanna be happy 'cause I wanna be like the sun
I wanna be happy 'cause I wanna be your friend
I wanna be happy 'cause I wanna be like the sun
(I wanna be happy 'cause I wanna be your friend)
(I wanna be happy 'cause I wanna be like the sun)

I wanna better body, I want better skin
I wanna be perfect Like all your other friends
You look so pretty, pretty like the wind
Every time you touch me I feel adrenaline

I wanna go party, I wanna have fun
I wanna be happy, could you show me how it's done?
You look so pretty, pretty like the sun
I could watch forever while you shine on everyone

I wanna be happy 'cause I wanna be your friend
I wanna be happy 'cause I wanna be like the sun
I wanna be happy 'cause I wanna be your friend
I wanna be happy 'cause I wanna be like the sun

I wanna be- (what is happening to us?)
I wanna be- (what is happening to us?)
I wanna be- (what is happening to us?)
I wanna be- (what is happening to us?)","The song ""Black Friday (pretty like the sun)"" by Lost Frequencies explores themes of joy, friendship, and the desire for happiness. The lyrics express a longing to celebrate life and have fun, with a repeated emphasis on wanting to learn how to be happy. The imagery of beauty is prominent, as the subject is compared to the sun, symbolizing warmth, brightness, and positivity. 

The narrator expresses admiration for someone who shines brightly, suggesting a deep appreciation for their presence. There is also a yearning for self-improvement, as the narrator desires a better appearance and to feel more confident, reflecting a common struggle with self-image. The repeated questioning of ""what is happening to us?"" introduces an element of uncertainty, hinting at complexities in relationships and personal feelings.

Overall, the song captures a mix of carefree celebration and introspective longing, making it relatable for those seeking themes of friendship, self-discovery, and the pursuit of happiness."
Reality,Lost Frequencies,"Decisions as I go, to anywhere I flow.
Sometimes I believe, at times I'm rational.
I can fly high, I can go low.
Today I got a million,
Tomorrow, I don't know.

Decisions as I go, to anywhere I flow.
Sometimes I believe, at times I'm rational.
I can fly high, I can go low.
Today I got a million, Tomorrow, I don't know.

Stop claiming what you own and think about the show.
We're all playing the same game, waiting on our loan.
We're unknown and known, special and a clone.
Hate will make you cautious, love will make you glow.

Make me feel the warmth
Make me feel the cold
It's written in our story
It's written on the walls
This is our call, we rise and we fall
Dancin' in the moonlight,
Don't we have it all?

Decisions as I go, to anywhere I flow.
Sometimes I believe, at times I'm rational.
I can fly high, I can go low.
Today I got a million,
Tomorrow, I don't know.

Make me feel the warmth,
Make me feel the cold.
It's written in our story,
It's written on the walls
This is our call, we rise and we fall.
Dancin' in the moonlight
Don't we have it all?","The song ""Reality"" by Lost Frequencies explores themes of uncertainty, the duality of human experience, and the transient nature of life. The lyrics convey a sense of navigating through decisions and emotions, reflecting on the highs and lows of existence. The imagery of flying high and going low symbolizes the fluctuating nature of one's circumstances and feelings.

The song emphasizes the importance of living in the moment, as expressed through lines about having ""a million"" today but not knowing what tomorrow holds. It touches on the idea of shared human experiences, suggesting that everyone is part of the same journey, characterized by both individuality and conformity (""special and a clone""). 

Emotions of warmth and cold are highlighted, representing the spectrum of feelings that shape our stories. The recurring motif of dancing in the moonlight evokes a sense of freedom and joy amidst life's uncertainties, reinforcing the idea that despite challenges, there is beauty in the journey. Overall, the song captures a blend of introspection, hope, and the celebration of life's fleeting moments."
ICU,Lou Doillon,"I wake up some mornings,
Thank god not as often as I used to,
Slow and heavy from dreams with you
You've found a way back in,
Once again my long lost friend,
Funny to see that after all these years,
I miss you the same

So I drag myself to the corner cafe,
And for a second I see you there,
Like in the good old days,
And I wonder what you're doing?
What are you up to these days?
I sometimes wish you would call me,
But then I wouldn't know what to say

And I see you, in every cab that goes by, in the strangers,
At every cross road, in every bar.
I see you in every cab that goes by, in the strangers,
At every cross road, in every bar.

It takes a glass or two,
For it to settle down,
For your shadow to stop following me around,
I find myself walking back
To all the places we knew,
Dreaming and wishing
To somehow run into you

And of course I wonder,
Does it happen to you?
Does my ghost ever come looking for you?
Cause all that's left now
Are my dreams and memories
But I'm glad you came through my life
And put your stain on me

And I see you, in every cab that goes by, in the strangers,
At every cross road, in every bar
And I see you in every cab that goes by, in the strangers,
At every cross road, in every bar

And I see you, in every cab that goes by, in the strangers,
At every cross road, in every bar","The song ""ICU"" by Lou Doillon explores themes of nostalgia, longing, and the lingering presence of a past relationship. The lyrics convey a sense of emotional heaviness as the narrator reflects on memories of a long-lost friend or lover, expressing a bittersweet mix of gratitude and sorrow. 

The imagery is vivid, with the narrator waking up from dreams that evoke memories of this person, suggesting a deep emotional connection that persists over time. The corner café serves as a backdrop for these reflections, symbolizing a place where memories resurface, and the narrator imagines encountering the person again. 

Throughout the song, there is a recurring motif of seeing the person in everyday situations—cabs, strangers, and familiar places—indicating that their presence is inescapable and woven into the fabric of the narrator's life. The emotional tone fluctuates between yearning and acceptance, as the narrator grapples with the idea of whether the other person feels the same way.

Ultimately, the song captures the complexity of moving on while still cherishing the impact someone has had on one's life, highlighting the interplay between memory, loss, and the hope of reconnection. This makes it a poignant exploration of love and reminiscence, suitable for thematic searches related to nostalgia, unrequited love, and the passage of time."
Places,Lou Doillon,"We've named everything
From the ground to the walls,
Climbed every mountain,
And turned every stone there was to find there.

We conquered the deep
Still looking for more
Trooped through the east, the south,
The west and the north

We built the machines,
The trains, the planes,
The cars of our dreams to reach out
For places, no one can find

We figured it out
Creation and god
Imposed our beliefs cause they're better than yours
Don't you know it?

Perfectionned our weapons
But we still need more,
To balance our peace,
We're selling you war can you afford it

We're ten for a seat,
And we're still growing more,
It's a brave new world that I'm heading for,
Have you read it?

We've named everything
From the ground to the walls,
Climbed every mountain,
And turned every stone there was to find there.

We conquered the deep
Still looking for more
Trooped through the east, the south,
The west and the north

We figured it out
Creation and god
Imposed our beliefs cause they're better than yours
Don't you know it?

Perfectionned our weapons
But we still need more,
To balance my peace,
I'm selling you war can you afford it

We built the machines,
The trains, the planes,
The cars of our dreams to reach out
For places, no one can find

Places, places, places, places

We built the machines,
The trains, the planes,
The cars of our dreams to reach out
For places, no one can find","The song ""Places"" by Lou Doillon explores themes of human ambition, exploration, and the paradox of progress. The lyrics reflect a journey of discovery, where humanity has named and conquered various aspects of the world—from the ground beneath to the farthest mountains and oceans. There is a sense of relentless pursuit, as the narrator describes traveling through different regions and building advanced technology like machines, trains, and planes to reach elusive destinations.

Emotionally, the song conveys a mix of pride and disillusionment. While there is a celebration of human achievement and the quest for knowledge, there is also a critique of the consequences of this progress. The lyrics touch on the imposition of beliefs and the moral complexities of creation, suggesting a tension between innovation and ethical responsibility. The mention of weapons and the idea of selling war highlight a darker side of human advancement, questioning the cost of peace and the ongoing need for conflict.

Imagery in the song evokes a sense of vastness and exploration, with references to conquering the deep and traversing the four cardinal directions. The repetition of ""places"" emphasizes the search for meaning and the idea that despite all achievements, there are still unknowns and uncharted territories.

Overall, ""Places"" captures the duality of human nature—our drive to explore and create, juxtaposed with the ethical dilemmas and consequences that accompany such pursuits. This thematic richness makes it relevant for discussions about progress, morality, and the human condition."
Lost On You,LP,"When you get older, plainer, saner
Will you remember all the danger
We came from?
Burning like embers, falling, tender
Longing for the days of no surrender
Years ago
And will you know

So smoke 'em if you got 'em
Cause it's going down
All I ever wanted was you
I'll never get to heaven
Cause I don't know how

Let's raise a glass
Or two
To all the things I've lost on you
Ho, ooh
Tell me are they lost on you?
Ooh, oh
Just that you could cut me loose
Ho, ooh
After everything I've lost on you
Is that lost on you?
Hoooooh
Ooh, oh
Hoooooh
Is that lost on you?
Hoooooh
Ooh, oh
Baby, is that lost on you?
Is that lost on you?

Wishin' I could see the machinations
Understand the toil of expectations
In your mind
Hold me like you never lost your patience
Tell me that you love me more than hate me
All the time
And you're still mine

So smoke 'em if you got 'em
Cause it's going down
All I ever wanted was you
Let's take a drink of heaven
This can turn around

Let's raise a glass
Or two
To all the things I've lost on you
Ho, oh
Tell me are they lost on you?
Ooh, oh
Just that you could cut me loose
Ho, oh
After everything I've lost on you
Is that lost on you?
Hoooooh
Ooh, oh
Hoooooh
Is that lost on you?
Hoooooh
Ooh, oh
Baby, is that lost on you?
Is that lost on you?

Let's raise a glass
Or two
To all the things I've lost on you
Ho, oh
Tell me are they lost on you
Ooh, oh
Just that you could cut me loose
Ho, oh
After everything I've lost on you
Is that lost on you?
Is that lost on you?","The song ""Lost On You"" by LP explores themes of nostalgia, longing, and the complexities of love and loss. The lyrics reflect on the passage of time and the emotional weight of past relationships, questioning whether the feelings and experiences shared are still remembered or valued by the other person. 

Imagery of fire and embers conveys a sense of passion and vulnerability, while the repeated invitation to ""raise a glass"" suggests a bittersweet celebration of memories intertwined with regret. The singer grapples with feelings of uncertainty and a desire for connection, expressing a wish to understand the other person's thoughts and emotions. 

Overall, the song captures a mix of yearning and acceptance, highlighting the struggle to reconcile past experiences with the present. It evokes a sense of melancholy and reflection, making it relatable for anyone who has experienced loss in a relationship. This emotional depth and thematic richness can help retrieve the song for questions related to love, nostalgia, and the impact of lost connections."
Girls Go Wild,LP,"I've been caged, I've been hounded, I've been hunted and tamed
I'm the outlaw of outside and ready to rage
I'm in search of a heart I can eat to renew me, yeah
And I'm dazzled by all of the things that undo me (oh-oh, oh-oh)

Girls go wild on the West Coast
Come on baby, let's go
That's what she said (oh-oh, oh-oh)
Sunshine brighter than blind love
It's all in the name of the Wild Wild West (oh-oh, oh-oh)

Ooh
Woo-ooh-ooh-ooh-ooh
Woo-ooh-ooh-ooh-ooh
Woo-ooh-ooh-ooh-ooh

Take my love, take my soul, you just take what you can
When we fuck now, it feels like you don't understand
Tell you what, it don't suck, and I need you right now, yeah
You're the one that I want, so I won't make a sound (oh-oh, oh-oh)

Girls go wild on the West Coast
Come on baby, let's go
That's what she said (oh-oh, oh-oh)
Sunshine brighter than blind love
It's all in the name of the Wild Wild West (oh-oh, oh-oh)

Ooh
Woo-ooh-ooh-ooh-ooh
Woo-ooh-ooh-ooh-ooh
Woo-ooh-ooh-ooh-ooh

I really love you
You know I really do
Whatever happens
I hope you're happy too
I really love you
So what you wanna do?
Oh-oh, oh-oh

Girls go wild on the West Coast
Come on baby, let's go
That's what she said (oh-oh, oh-oh)
Sunshine brighter than blind love
It's all in the name of the Wild Wild West (oh-oh, oh-oh)

Ooh
Woo-ooh-ooh ooh-ooh
Woo-ooh-ooh ooh-ooh
Woo-ooh-ooh ooh-ooh (it's all in the name of the Wild Wild West)
Oh-oh, oh-oh

I really love you
You know I really do
Whatever happens
I hope you're happy too
I really love you
So what you wanna do?","The song ""Girls Go Wild"" by LP explores themes of freedom, desire, and the complexities of love against a backdrop of the vibrant and carefree lifestyle associated with the West Coast. The lyrics convey a sense of rebellion and longing, as the narrator expresses feelings of being trapped yet yearning for liberation. Imagery of being ""caged"" and ""hunted"" contrasts with the exhilarating notion of girls going wild, suggesting a release from societal constraints.

Emotions in the song range from passionate love to a sense of urgency and confusion in relationships. The narrator seeks connection and renewal, symbolized by the metaphor of searching for a heart to ""eat."" The repeated references to the ""Wild Wild West"" evoke a sense of adventure and the intoxicating allure of love that can be both blinding and exhilarating.

Situationally, the song captures moments of intimacy and vulnerability, with the narrator expressing a deep affection while grappling with the complexities of their relationship. The chorus invites a carefree spirit, encouraging a spontaneous escape to enjoy life and love without reservations.

Overall, ""Girls Go Wild"" encapsulates a blend of wildness, romance, and the pursuit of happiness, making it a fitting anthem for those seeking liberation and connection in a vibrant, sun-soaked setting."
Please Stay,Lucy Dacus,"Your clothes in the dryer
Your hair on the shower wall
Your toothbrush is too much
Your shoes empty in the hall
Your keys on the counter
Your dirty dish in the sink
Please, don't make me see these things
The books on your shelf that you never read
The hunting knife you kept by your bed
The flowers you dried and tied up with twine
Suspended from the ceiling
You tell me you love me, like it'll be the last time
Like you're playing out, the end of a storyline
I say I love you too, because it's true
What else am I supposed to do?
Maybe bar the door when you move to leave
I think you mean what you say
When you say you wanna die
I think you mean what you say
When you say you want to stay alive
Quit your job
Cut your hair
Get a dog
Change your name
Change your mind
Change your ways
Give them time
Go back to school, go back to sleep
Tell the secret you can't keep
Begin, be done
Break a vow, make a new one
Call me if you need a friend, or never talk to me again
But please stay
But please stay
But please stay
But please stay","The song ""Please Stay"" by Lucy Dacus explores themes of love, longing, and the complexities of relationships. The lyrics convey a deep emotional struggle as the narrator grapples with the presence and absence of a loved one. Imagery of everyday items—like clothes in the dryer, a toothbrush, and dirty dishes—evokes a sense of intimacy and the mundane aspects of cohabitation, highlighting the emotional weight of these reminders when the partner is not present.

The narrator expresses a desire for the partner to stay, reflecting a fear of loss and the pain of potential separation. The repeated plea ""please stay"" underscores a sense of desperation and vulnerability. The song also touches on existential themes, as the partner's statements about wanting to die and stay alive suggest a struggle with mental health and the desire for connection amidst turmoil.

The lyrics suggest a push-and-pull dynamic, with the narrator contemplating drastic changes in life—like quitting a job or changing one's name—indicating a search for identity and stability. The emotional landscape is rich with contradictions, as the narrator acknowledges the partner's struggles while also expressing a commitment to love and support.

Overall, ""Please Stay"" captures the tension between love and fear of abandonment, the desire for connection, and the complexities of navigating personal crises within a relationship. This thematic depth makes it a poignant exploration of love's challenges and the longing for companionship."
Another Necklace,Mark Wilkinson,"Don't buy another necklace or something else expensive
Don't sell another dream when you know that she can't buy
Don't dazzle her with rubies
Don't play her like some trick you want to try
Don't treat her like a fool when you know that things ain't right

But it all feels so good when you hold her like you should
And it all feels so right deep inside

Don't build another staircase in the sky
Don't build a set of wings, so you can fly
Don't sell another dream life when you know that she can't buy

Don't tell her that you'll save it
She's not a little baby, she'll be fine
Just tell her for real, now you're stealing away her life

But it all feels so good when you hold her like you should
And it all feels so right deep inside

Don't build another staircase in the sky
Don't build a set of wings, so you can fly
Don't sell another dream life when you know that she can't buy

Don't build another staircase in the sky
Don't build a set of wings, so you can fly
Don't sell another dream life when you know that it's a lie

And it all feels so good
And it all feels so right
And it all feels so good
It feels so right

Don't sell another dream life when you know that it's a lie

Don't buy another necklace or something else expensive
Don't sell another dream when you know that she can't buy
When you know that it's a lie
When you know that she can't buy","The song ""Another Necklace"" by Mark Wilkinson explores themes of love, deception, and the emotional complexities of relationships. The lyrics convey a sense of caution against superficial gestures and materialism, urging the listener to avoid buying extravagant gifts or selling unrealistic dreams that cannot be fulfilled. The imagery of necklaces, rubies, and staircases in the sky symbolizes empty promises and the futility of trying to impress someone with material wealth.

Emotionally, the song reflects a mix of longing and regret, emphasizing the importance of genuine connection over superficial displays. The repeated refrain highlights the contrast between the fleeting pleasure of physical affection and the deeper emotional truth that lies beneath. The narrator expresses a desire for honesty and authenticity in the relationship, warning against treating the partner as naive or foolish.

Overall, the song captures the tension between desire and reality, urging listeners to recognize the difference between what feels good in the moment and what is truly meaningful. It serves as a poignant reminder to prioritize sincerity and emotional depth over materialistic pursuits."
Embrace the Ride,Mark Wilkinson,"Well I turned up late
Is this a dream
Could this be fate
The way I feel
Should I be scared now
I lost control
Or release my grip
And just let it go

Cause all those hours
And all that strain
It's like a well now
After the rain
I don't need direction
I'll do this blind
Cause it's just me here
And I've done my time

Embrace the ride
Embrace the ride
To my surprise
I feel alive

And every echo
That brought me down
I just mistook them
Misheard the sound
Cause at the bottom
There all alone
I found my answer
My cornerstone

To embrace the ride
Embrace the ride
To my surprise
I feel alive

And though my head is blown
My heart's still strong
Believe the road I was always on
Cause there's no way else I know

Embrace the ride
Embrace the ride
To my surprise
I feel alive
I feel alive","The song ""Embrace the Ride"" by Mark Wilkinson explores themes of self-discovery, resilience, and the acceptance of life's unpredictable journey. The lyrics convey a sense of awakening and liberation, as the narrator reflects on moments of uncertainty and loss of control. The imagery of turning up late and questioning fate suggests a pivotal moment of introspection.

Emotions of fear and vulnerability are juxtaposed with a newfound strength and vitality, as the narrator decides to let go of the need for direction and embrace the present. The metaphor of a well after rain symbolizes renewal and the release of past burdens. The repeated call to ""embrace the ride"" emphasizes the importance of accepting life's ups and downs, leading to a surprising sense of aliveness and empowerment.

Overall, the song captures a transformative journey from doubt to clarity, highlighting the beauty of resilience and the joy of living authentically. It resonates with listeners who seek inspiration in navigating their own life's challenges."
Great American Novel,Max Jury,"There's a story in your voice
And in the way you say good night
Leaves me wanting more
The lingers in my mind
Lingers in my mind

It was the golden age
Of being lost in love
You wrote the perfect page
Then you ripped it up
You ripped it up

Now I'm waiting for a train
From New York to Boston
It's not supposed to be this way
It's not supposed to be this way

It's the price I have to pay
Throwing roses at the rich girls
I start to feel okay
When is start to feel okay

There's a song inside my head
That plays on constantly
Loud enough to wake the dead
It's a song for you and me
It's a song for you and me

Those were the sleepless nights
Learning to make love
And all sunken arms
Being too far gone, too far gone

Now I'm waiting for a train
From New York to Boston
It's not supposed to be this way
It's not supposed to be this way

The price I have to pay
Throwing roses at the rich girls
When I start to feel okay
I start to feel okay
I start to feel okay

That's the price I have to pay","The song ""Great American Novel"" by Max Jury explores themes of love, longing, and the bittersweet nature of relationships. The lyrics convey a sense of nostalgia and emotional complexity, reflecting on a past romance that was both beautiful and painful. The imagery of a story in someone's voice and the metaphor of ripping up a perfect page suggest a deep connection that has been disrupted.

The narrator expresses feelings of being lost and waiting, symbolized by the train journey from New York to Boston, which underscores a sense of uncertainty and longing for something that feels out of reach. The mention of ""throwing roses at the rich girls"" hints at feelings of inadequacy and the struggle to find solace in a world that seems unattainable.

Emotions of yearning and the desire to feel okay permeate the song, with references to sleepless nights and intimate moments that are now tinged with regret. The recurring motif of a song playing in the narrator's head signifies the enduring impact of the relationship, suggesting that despite the pain, there is a lingering hope for resolution and acceptance.

Overall, the song captures the complexities of love and loss, the passage of time, and the search for emotional clarity amidst confusion. It resonates with listeners who have experienced similar feelings of nostalgia and longing in their own relationships."
Blurry Eyes,Michael Patrick Kelly,"I can see a thousand doubts
Written on your face right now
Your reflection fading in and out
Lately it's been getting you down

You tell me you're ok but your
Voice don't match the words you said
I hate that you're pushing me away
Fighting so hard to take a breath
So

Oh love, when the river runs dry
It's hard to see through blurry eyes
Don't say you're not strong enough
To let me love you
Just the way you are

Oh love, when the river runs high
It's hard for me to watch you cry
Don't say you're not strong enough
To let me love you
Just the way you are

So distant when you're next to me
Hiding all I wanna see
The silence in the air we breathe
Echoing so hopelessly

I called you yesterday and your voice
Didn't match the words you said
I hate, you keep pushing me away
Fighting so hard not to break
So

Oh love, when the river runs dry
It's hard to see through blurry eyes
Don't say you're not strong enough
To let me love you
Just the way you are

Oh love, when the river runs high
It's hard for me to watch you cry
Don't say you're not strong enough
To let me love you
Just the way you are

All through the highs and the lows
When you were drowning in shallow waters
I held you close
Oh, when you feel all alone
And it's weighing heavy on your shoulders
I hope you'll know

Oh love, when the river runs dry
It's hard to see through blurry eyes
Don't say you're not strong enough
To let me love you
Just the way you are

Oh love, when the river runs high
It's hard for me to watch you cry
Don't say you're not strong enough
To let me love you
Just the way you are

Oh love, when the river runs dry
Oh love, the way you are
Don't say you're not strong enough
Let me love you just the way you are","The song ""Blurry Eyes"" by Michael Patrick Kelly explores themes of emotional struggle, vulnerability, and unconditional love. The lyrics convey a deep sense of concern for a loved one who is grappling with self-doubt and sadness, as indicated by the imagery of ""a thousand doubts"" and ""blurry eyes."" The narrator observes the disconnect between their partner's words and emotions, highlighting a struggle to communicate and connect.

Emotions of frustration and empathy are prevalent, as the narrator expresses a desire to support their partner through difficult times, symbolized by the metaphor of a river running dry or high. The repeated reassurance that the partner is ""strong enough"" to accept love as they are emphasizes the importance of acceptance and understanding in relationships.

Situations depicted in the song include feelings of distance and isolation, even when physically close, and the weight of unspoken emotions that create silence. The narrator's commitment to being there through ""highs and lows"" reinforces a message of loyalty and support, urging the partner to embrace their true self without fear.

Overall, the song captures the complexities of love, the challenges of emotional transparency, and the hope for healing and connection amidst struggles. It serves as a poignant reminder of the importance of being loved for who we truly are."
Wonders (feat. Rakim),Michael Patrick Kelly,"I know I know
That you can't see your tomorrow today
Will you let go, let go?
Can I hold you, can I make it feel okay?

You're coming alive, coming alive
Cry a tear of joy, cry a tear of pain
You're coming alive, coming alive
Beauty's gonna wipe the fear away

I see wonders, wonders in a broken world
Hidden under, under, underneath the dirt
Wonders, wonders in a broken world
Tell me do you see what I see?

Wonders, wonders in a broken world
Getting stronger for every boy and girl
Wonders, wonders in a broken world
Tell me do you see what I see?

So deep in doubt
And I know just how you feel in that place
But take a look around
There's a million little sparks of a golden age

We're coming alive, coming alive
Cry a tear of joy, cry a tear of pain
We're coming alive, coming alive
Beauty's gonna wipe the fear away

I see wonders, wonders in a broken world
Hidden under, under, underneath the dirt
Wonders, wonders in a broken world
Tell me do you see what I see?

Wonders, wonders in a broken world
Getting stronger for every boy and girl
Wonders, wonders in a broken world

Tell me do you see what I see?

Can you see what I'm seeing?
Or are you distracted by the poverty-stricken streets
And deep depression that we in?
I see survivors of the worst conditions to be in
You see deceiving the demons
The death and the grieving

No place to raise a seed in
But the rose still grows through the crack left in the cement

Just as pleasant as Eden where wonders succeed in
And greed and oppression's the reason people unite
Even give their life
Expressing what they believe in

I see wonders, wonders in a broken world
Hidden under, under, underneath the dirt
Wonders, wonders in a broken world
Tell me do you see what I see?

Wonders, wonders in a broken world
Getting stronger for every boy and girl
Wonders, wonders in a broken world
Tell me do you see what I see?

I see wonders all around the world
Signs and wonders all around the world
I see wonders all around the world
Signs and wonders
Tell me do you see what I see?","The song ""Wonders"" by Michael Patrick Kelly, featuring Rakim, explores themes of hope, resilience, and the beauty that can emerge from adversity. The lyrics convey a sense of empathy and understanding for those who are struggling, emphasizing the importance of connection and support in difficult times. 

The emotional landscape of the song oscillates between joy and pain, highlighting the duality of human experience. Phrases like ""cry a tear of joy, cry a tear of pain"" reflect the complexity of emotions that accompany personal and collective struggles. The imagery of ""wonders in a broken world"" suggests that even amidst hardship, there are glimpses of beauty and strength, symbolized by ""a million little sparks of a golden age.""

The song also addresses societal issues, acknowledging the presence of poverty and despair while encouraging listeners to recognize the resilience of individuals who thrive despite their circumstances. The metaphor of a rose growing through concrete serves as a powerful image of hope and survival.

Overall, ""Wonders"" invites listeners to shift their perspective and see the hidden beauty and strength in the world around them, urging them to find and celebrate the wonders that exist even in challenging situations. This thematic focus on resilience, hope, and the beauty of the human spirit makes it a poignant anthem for those seeking inspiration in difficult times."
Any Other World,MIKA,"In any other world you could tell the difference
And let it all unfurl into broken remnants

Smile like you mean it and let yourself let go

'Cause it's all in the hands of a bitter, bitter man
Say goodbye to the world you thought you lived in
Take a bow, play the part of a lonely, lonely heart
Say goodbye to the world you thought you lived in

To the world you thought you lived in

I try to live alone, but lonely is so lonely, alone
So human as I am, I had to give up my defences

So I smiled and tried to mean it to let myself let go

'Cause it's all in the hands of a bitter, bitter man
Say goodbye to the world you thought you lived in
Take a bow, play the part of a lonely, lonely heart
Say goodbye to the world you thought you lived in

To the world you thought you lived in

'Cause it's all in the hands of a bitter, bitter man
Say goodbye to the world you thought you lived in
Take a bow, play the part of a lonely, lonely heart
Say goodbye to the world you thought you lived in

To the world you thought you lived in

Say goodbye to the world you thought you lived in
Say goodbye to the world you thought you lived in

Say goodbye

In any other world you could tell the difference","The song ""Any Other World"" by MIKA explores themes of loneliness, disillusionment, and the struggle to let go of past expectations. The lyrics convey a sense of yearning for a different reality, where one could escape the pain of a ""bitter man"" and the emotional weight of a ""lonely heart."" The imagery of saying goodbye to a world that no longer feels authentic reflects a deep sense of loss and the desire for transformation.

Emotions of sadness and resignation permeate the song, as the narrator grapples with the difficulty of living alone and the inherent loneliness that comes with it. The repeated call to ""take a bow"" suggests a performance or facade, highlighting the contrast between inner feelings and outward appearances. The notion of trying to smile and mean it indicates a struggle to find genuine happiness amidst despair.

Overall, the song captures the complexity of human emotions, the challenge of letting go, and the longing for a more fulfilling existence, making it relatable for anyone who has faced similar feelings of isolation and the search for meaning in a seemingly indifferent world."
Last Party,MIKA,"There's a party going on in here
It's been happening for many years
You weren't invited and don't want to stay
But keep partying anyway

DJ's playing that familiar tune
Got them dancing, shaking up the room
They hear the beat but they don't know the words
This is the saddest song I've ever heard

If you could look into the future, would ya?
If you could see it, would you even want to?
I got a feeling that there's bad news coming
But I don't want to find it out

If it's the end of the world, let's party
Like it's the end of the world, let's party
And wrap your arms around everybody
If we're all gonna die, let's party, let's party, let's party

Who can I blame with everything I've done?
Is this the price we pay for too much fun?
Don't be misled it's not a twist of fate
It's just what happens when you stay out late

So raise your glasses all my kings and queens
Smash the chandelier to smithereens
Who knew that Mercury could rise so fast
Enjoy the party 'cause this is our last

If you could look into the future, would ya?
If you could see it, would you even want to?
Got a feeling that there's bad news coming
But I don't want to find it out

If it's the end of the world, let's party
Like it's the end of the world, let's party
Wrap your arms around everybody
If we're all gonna die, let's party

If it's the end of the world, let's party
Like it's the end of the world, let's party
Wrap your arms around everybody
If we're all gonna die, let's party

Let's party, let's party
Let's party, let's party

There's a party going on in here
It's been happening for many years
And even if it all goes bad
It was the best time we ever had","The song ""Last Party"" by MIKA explores themes of celebration amidst uncertainty and impending doom. It captures a sense of urgency and defiance, encouraging listeners to embrace joy and connection even in the face of potential disaster. The imagery of a long-standing party serves as a metaphor for life's fleeting moments and the inevitability of change.

Emotions in the song range from nostalgia and melancholy to exhilaration and camaraderie. The lyrics reflect a bittersweet acknowledgment of the past, with lines about dancing to a familiar tune that evokes sadness, suggesting a deeper awareness of life's transience. The repeated question about looking into the future highlights a tension between curiosity and fear, as the narrator grapples with the possibility of bad news.

Situationally, the song depicts a vibrant party atmosphere where revelers are encouraged to let loose and enjoy themselves, even if it might be the last chance to do so. The call to ""wrap your arms around everybody"" emphasizes themes of unity and shared experience, reinforcing the idea that togetherness can provide solace in uncertain times.

Overall, ""Last Party"" is a celebration of life, urging listeners to cherish moments of joy and connection, even when faced with the unknown. It resonates with anyone grappling with the balance between enjoying the present and contemplating the future."
Flowers,Miley Cyrus,"We were good, we were gold
Kind of dream that can't be sold
We were right, 'til we weren't
Built a home and watched it burn

Mm, I didn't wanna leave you, I didn't wanna lie
Started to cry, but then remembered I

I can buy myself flowers
Write my name in the sand
Talk to myself for hours
Say things you don't understand
I can take myself dancing
And I can hold my own hand
Yeah, I can love me better than you can

Can love me better, I can love me better, baby
Can love me better, I can love me better, baby

Paint my nails, cherry-red
Match the roses that you left
No remorse, no regret
I forgive every word you said

Ooh, I didn't wanna leave ya, baby, I didn't wanna fight
Started to cry, but then remembered I

I can buy myself flowers
Write my name in the sand
Talk to myself for hours, yeah
Say things you don't understand
I can take myself dancing, yeah
I can hold my own hand
Yeah, I can love me better than you can

Can love me better, I can love me better, baby
Can love me better, I can love me better, baby
Can love me better, I can love me better, baby
Can love me better, I (ooh, I)

I didn't wanna leave you, I didn't wanna fight
Started to cry, but then remembered I

I can buy myself flowers, uh-huh
Write my name in the sand
Talk to myself for hours, yeah
Say things you don't understand (better than you)
I can take myself dancing, yeah
I can hold my own hand
Yeah, I can love me better than
Yeah, I can love me better than you can

Can love me better, I can love me better, baby (huh)
Can love me better, I can love me better, baby (than you can)
Can love me better, I can love me better, baby
Can love me better, I","The song ""Flowers"" by Miley Cyrus explores themes of self-empowerment, resilience, and personal growth following a romantic relationship. The lyrics reflect a journey from heartbreak to self-acceptance, emphasizing the emotional turmoil of leaving a relationship that once felt perfect but ultimately fell apart. 

Imagery in the song includes references to buying flowers, writing one's name in the sand, and dancing alone, symbolizing self-love and independence. The repeated assertion that the narrator can ""love me better than you can"" highlights a newfound strength and the ability to find joy and fulfillment within oneself, rather than relying on a partner.

Emotions conveyed in the lyrics range from sadness and regret to empowerment and liberation, as the narrator transitions from mourning the relationship to celebrating their own worth. The song captures the essence of reclaiming one's identity and happiness after a breakup, making it a powerful anthem for self-love and healing."
Landslide,Molly Parden,"I took my love, I took it down
I climbed a mountain and I turned around
And I saw my reflection in the snow covered hill
'Til the landslide brought me down

Oh, mirror in the sky, what is love?
Can the child within my heart rise above?
Can I sail through the changin' ocean tides?
Can I handle the seasons of my life?

Well, I've been afraid of changin'
'Cause I've built my life around you
But time makes you bolder
Even children get older
And I'm gettin' older, too
Yeah, I'm gettin' older, too

Well, I've been afraid of changin'
'Cause I've built my life around you
But time makes you bolder
Even children get older
And I'm gettin' older, too
Yeah, I'm gettin' older, too

So take my love, take it down
Oh, I climb a mountain around
And if you see my reflection in the snow covered hill
Well, the landslide will bring you down
And if you see my reflection in the snow covered hill
Well, the landslide will bring you down
Oh, the landslide will bring you down","The song ""Landslide"" by Molly Parden explores themes of love, change, and self-reflection. The lyrics convey a deep emotional journey as the narrator grapples with the fear of change and the passage of time. The imagery of climbing a mountain and seeing one's reflection in a snow-covered hill symbolizes introspection and the struggle to confront personal truths.

The narrator expresses vulnerability and uncertainty about love, questioning its nature and their ability to navigate life's transitions. The repeated acknowledgment of aging and the inevitability of change highlights a sense of nostalgia and the bittersweet nature of growing older. The metaphor of a landslide serves as a powerful image of overwhelming change that can disrupt stability and force one to confront their feelings and circumstances.

Overall, the song captures a poignant moment of self-discovery, emphasizing the emotional weight of letting go and the courage required to embrace life's uncertainties. It resonates with anyone facing significant life changes or reflecting on the impact of love and time."
THE LONELIEST,Måneskin,"You'll be the saddest part of me
A part of me that will never be mine
It's obvious
Tonight is gonna be the loneliest
You're still the oxygen I breathe
I see your face when I close my eyes
It's torturous
Tonight is gonna be the loneliest

There's a few lines that I have wrote
In case of death, that's what I want
That's what I want
So don't be sad when I'll be gone
There's just one thing I hope you know
I loved you so

'Cause I don't even care about the time I've got left here
The only thing I know now is that I want to spend it
With you, with you, nobody else here
Tonight is gonna be the loneliest

You'll be the saddest part of me
A part of me that will never be mine
It's obvious
Tonight is gonna be the loneliest
You're still the oxygen I breathe
I see your face when I close my eyes
It's torturous
Tonight is gonna be the loneliest

I'm sorry, but I gotta go
If you'll ever miss me, give this song
Another go

And I just keep on thinking how you made me feel better
And all the crazy little things that we did together
In the end, in the end it doesn't matter
If tonight is gonna be the loneliest

You'll be the saddest part of me
A part of me that will never be mine
It's obvious
Tonight is gonna be the loneliest
You're still the oxygen I breathe
I see your face when I close my eyes
It's torturous
Tonight is gonna be the loneliest

You'll be the saddest part of me
A part of me that will never be mine
It's obvious
Tonight is gonna be the loneliest

You'll be the saddest part of me
A part of me that will never be mine
It's obvious
Tonight is gonna be the loneliest
You're still the oxygen I breathe
I see your face when I close my eyes
It's torturous
Tonight is gonna be the loneliest","The song ""THE LONELIEST"" by Måneskin explores themes of heartbreak, longing, and the emotional turmoil of love lost. The lyrics convey a deep sense of sadness and isolation, as the narrator reflects on a relationship that has ended but still holds significant emotional weight. The imagery of the beloved being ""the saddest part"" of the narrator emphasizes the pain of unrequited love and the feeling of loss.

Emotions of yearning and nostalgia permeate the song, with the narrator expressing that the person they loved remains an integral part of their existence, described metaphorically as ""the oxygen I breathe."" This highlights the intensity of their feelings and the struggle to move on. The repeated phrase ""Tonight is gonna be the loneliest"" encapsulates the overarching sentiment of loneliness and despair, suggesting a night filled with memories and unfulfilled desires.

The lyrics also touch on themes of mortality and the desire for connection, as the narrator contemplates their own departure and hopes that their love will be remembered. The mention of writing lines ""in case of death"" adds a poignant layer, indicating a desire to leave a lasting impact despite the pain of separation.

Overall, the song captures the bittersweet essence of love and loss, making it a poignant reflection on the complexities of relationships and the enduring nature of emotional bonds, even in the face of loneliness."
I WANNA BE YOUR SLAVE,Måneskin,"I wanna be your slave, I wanna be your master
I wanna make your heartbeat run like rollercoasters
I wanna be a good boy, I wanna be a gangster
'Cause you could be the beauty and I could be the monster

I love you since this morning, not just for aesthetic
I wanna touch your body, so fucking electric
I know you're scared of me, you say that I'm too eccentric
I'm crying all my tears, and that's fucking pathetic

I wanna make you hungry, then I wanna feed ya
I wanna paint your face, like you're my Mona Lisa
I wanna be a champion, I wanna be a loser
I'll even bе a clown 'cause I just wanna amuse ya

I wanna be your sеx toy, I wanna be your teacher
I wanna be your sinner, wanna be a preacher
I wanna make you love me, then I wanna leave ya
'Cause, baby, I'm your David, and you're my Goliath

Uh-huh
Hmm, uh-huh

Because I'm the devil, who's searching for redemption
And I'm a lawyer, who's searching for redemption
And I'm a killer, who's searching for redemption
I'm a motherfucking monster, who's searching for redemption

And I'm a bad guy, who's searching for redemption
And I'm a blonde girl, who's searching for redemption
And I'm a freak that is searching for redemption
I'm a motherfucking monster who's searching for redemption

I wanna be your slave, I wanna be your master
I wanna make your heartbeat run like rollercoasters
I wanna be a good boy, I wanna be a gangster
'Cause you can be the beauty and I could be the monster

I wanna make you quiet, I wanna make you nervous
I wanna set you free, but I'm too fucking jealous
I wanna pull your strings, like you're my telecaster
And if you want to use me, I could be your puppet

'Cause I'm the devil, who's searching for redemption
And I'm a lawyer, who's searching for redemption
And I'm a killer, who's searching for redemption
I'm a motherfucking monster who's searching for redemption

I wanna be your slave, I wanna be your master","The song ""I WANNA BE YOUR SLAVE"" by Måneskin explores themes of desire, power dynamics, and the complexity of love and attraction. The lyrics convey a mix of emotions, including longing, vulnerability, and a sense of playfulness intertwined with darker undertones. 

Imagery in the song juxtaposes contrasting roles, such as ""slave"" and ""master,"" highlighting a desire for both submission and dominance in a relationship. The artist expresses a yearning to evoke strong emotions in their partner, likening the experience to a thrilling rollercoaster ride. There is a sense of duality in the speaker's identity, as they oscillate between being a ""good boy"" and a ""gangster,"" a ""champion"" and a ""loser,"" reflecting the multifaceted nature of love and attraction.

The repeated motif of searching for redemption suggests an inner struggle with one's darker impulses and a desire for acceptance and understanding. The speaker acknowledges their flaws and eccentricities, revealing a vulnerability beneath their bold exterior. The imagery of wanting to ""paint your face"" like the ""Mona Lisa"" and references to being a ""puppet"" or ""telecaster"" further emphasize the desire for connection and the complexities of emotional manipulation.

Overall, the song captures a tumultuous yet passionate relationship dynamic, filled with both excitement and tension, making it a compelling exploration of love's darker sides and the quest for redemption."
TIMEZONE,Måneskin,"You're wearing my old clothes, but you, you wear it better
And every time I see your face, the moon should be jealous
And I keep talking to the wall 'til he's a friend of mine
I call you every hour just to tell you that I'm losing my mind

Now I know you're sleeping
Where I'm supposed to be in
Wish I could've stayed

Only thing that keeps us apart
Is seven thousand miles, running like a mad dog
Only thing that keeps us apart
Is a different timezone
So fuck what I'm dreaming, this fame has no meaning
I'm coming home
Only thing that keeps us apart
Is a different timezone

Tomorrow I got another plane, I'm not gonna take it
Instead, I'm gonna fly straight to you, I paid double for the tickets
And I don't give a shit about the contracts that I signed
And they can say whatever, we'll be making love, I'm fucking you tonight

Now I know you're sleeping
Where I'm supposed to be in
Wish I could've stayed

Only thing that keeps us apart
Is seven thousand miles, running like a mad dog
Only thing that keeps us apart
Is a different timezone
So fuck what I'm dreaming, this fame has no meaning
I'm coming home
Only thing that keeps us apart
Is a different timezone

So fuck what I'm dreaming, this fame has no meaning
I'm coming home
Only thing that keeps us apart
Is a different timezone","The song ""TIMEZONE"" by Måneskin explores themes of longing, love, and the challenges of distance in a relationship. The lyrics convey a deep emotional connection between two people who are separated by physical distance, specifically highlighted by the metaphor of being in different time zones. The narrator expresses feelings of jealousy and admiration, noting how their partner wears their old clothes better, which evokes a sense of nostalgia and intimacy.

Imagery in the song includes references to the moon, suggesting beauty and envy, and the act of talking to a wall, symbolizing loneliness and the desire for connection. The narrator's frustration with fame and the demands of their career is evident, as they prioritize love over professional obligations, indicating a willingness to defy expectations and make sacrifices for their partner.

The repeated mention of ""seven thousand miles"" emphasizes the vast distance between them, while the urgency to reunite is palpable as the narrator expresses a desire to abandon their commitments and fly directly to their loved one. Overall, the song captures the emotional turmoil of being apart from someone special and the determination to overcome obstacles for the sake of love."
OFF MY FACE,Måneskin,"I'm in love with the drugs but they don't love me back
I'm in love with the pain but you make it hurt so bad
You're the monster in my head tryna tell me how to act
You're a freak, set me free, give myself a heart attack
I got hate in my bones when my body's close to you
I hate sleepin' alone and I know you hate it too
You're a monster in my head tryna tell me how to act
You're a freak, set me free, give myself a heart attack

I'm off my face
Locked inside your prison, yеah
I'm off my face
Your love is my addiction
And I like to tastе
Yeah, I just can't resist it
But you're never gonna see me
Yeah, you're never gonna see me again

You are the thing that I crave when it's hard to sleep at night
I'll do anything for you, so just tell me what you like
You're the monster in my head tryna tell me how to act
And this love's gonna kill me, I will have a heart attack

I'm off my face
Locked inside your prison, yeah
I'm off my face
Your love is my addiction
And I like to taste
Yeah, I just can't resist it
But you're never gonna see me
Yeah, you're never gonna see me again

'Cause I do what I wanna do what I wanna do what I wanna do, ah
No rules when it comes to you when it comes to you when it comes to you
Play my heart like a bass drum
Break my neck like a killer
I'm dead, in fact, you're never gonna see me again

I'm off my face
Locked inside your prison, yeah
I'm off my face
Your love is my addiction
And I like to taste
Yeah, I just can't resist it
But you're never gonna see me
Yeah, you're never gonna see me again","The song ""OFF MY FACE"" by Måneskin explores themes of love, addiction, and inner turmoil. The lyrics convey a deep emotional conflict, where the narrator expresses a tumultuous relationship characterized by both desire and pain. The imagery of being ""locked inside your prison"" suggests feelings of entrapment and obsession, while references to love as an addiction highlight the intoxicating yet destructive nature of the relationship.

The narrator grapples with the duality of craving their partner while also recognizing the harmful effects of this love, likening it to a drug that they cannot resist. The repeated mention of a ""monster in my head"" symbolizes internal struggles and the pressure to conform to expectations, adding to the sense of chaos and emotional distress.

Overall, the song captures the intensity of passionate love intertwined with feelings of hate and fear, portraying a vivid picture of longing and the consequences of a love that feels both exhilarating and dangerous. This makes it relevant for thematic searches related to love, addiction, emotional conflict, and the darker sides of relationships."
DON'T WANNA SLEEP,Måneskin,"Dance, dance, dance, dance, dance until I die
Medicate myself 'til my head is in the sky
Ahh ahh when I close my eyes I get too lonely
Don't wanna sleep at all

Don't wanna sleep at all

S-s-somebody, come t-t-take on my body
This is the shittiest party I've ever seen in my life
No, no, no, I'm not leaving, gonna get my feet on the ceiling
Gonna drink away all my feeling
And no, it's not gonna heal me, but I'll

Dance, dance, dance, dance, dance until I die
Wearing Lucy's diamonds to get a little shine
Ahhh ahh when I close my eyes I get too lonely
Don't wanna sleep at all

Don't wanna sleep at all

S-s-somebody, come t-t-take on my body
Into another dimension, I-I'm so bored of my life
I'm a lion tamer of indecent behaviour, making love with danger
It's not gonna heal me, but at least I

Like it and I don't wanna change it
I know it's bad, don't get me wrong
There's something in these strangers
Momentary flavours
I don't wanna sleep at all
No, I don't wanna sleep at all
Don't wanna sleep at all
No, I don't wanna sleep at all

Dance, dance, dance, dance, dance until I die
Medicate myself 'til my head is in the sky
Ahh ahh when I close my eyes I get too lonely
Don't wanna sleep at all","The song ""DON'T WANNA SLEEP"" by Måneskin explores themes of escapism, loneliness, and the desire for connection through vibrant imagery and energetic expressions. The lyrics convey a sense of urgency and a refusal to succumb to sleep, symbolizing a rejection of stagnation and a longing for excitement. The repeated call to ""dance until I die"" emphasizes a desire to live fully in the moment, using dance as a means to cope with feelings of isolation and boredom.

Emotions of restlessness and a search for meaning are prevalent, as the narrator grapples with loneliness when closing their eyes, suggesting a fear of introspection and stillness. The imagery of ""medicating"" oneself and wearing ""Lucy's diamonds"" reflects a pursuit of temporary highs and superficial pleasures to escape reality. The mention of ""indecent behaviour"" and ""making love with danger"" indicates a thrill-seeking attitude, embracing risk as a form of liberation.

Overall, the song captures a vibrant nightlife atmosphere, where the protagonist seeks to drown out their feelings through dance and connection with others, despite acknowledging that these actions may not provide true healing. The refrain of not wanting to sleep serves as a powerful metaphor for a refusal to confront deeper emotional issues, instead opting for fleeting moments of joy and distraction. This thematic richness makes the song relevant for discussions about escapism, the nightlife experience, and the complexities of modern relationships."
The Code,Nemo,"Whoa-oh-oh

Welcome to the show, let everybody know
I'm done playing the game, I'll break out of the chains
You better buckle up, I'll pour another cup
This is my bohème, so drink it up, my friend

(Oh)
(Oh)
This story is my truth

I, I went to Hell and back
To find myself on track
I broke the code, whoa-oh-oh
Like ammonites
I just gave it some time
Now I found paradise
I broke the code, whoa-oh-oh

Yeah
Let me tell you a tale about life
'Bout the good and the bad, better hold on tight
Who decides what's wrong, what's right?
Everything is balance, everything's light
I got so much on my mind, and I been awake all night
I'm so pumped, I'm so psyched
It's bigger than me, I'm getting so hyped, like

(Oh) let me taste the lows and highs
(Oh) let me feel that burning fright
(Oh) this story is my truth

I, I went to Hell and back
To find myself on track
I broke the code, whoa-oh-oh
Like ammonites
I just gave it some time
Now I found paradise
I broke the code, whoa-oh-oh

Somewhere between the O's and ones
That's where I found my kingdom come
My heart beats like a-
Somewhere between the O's and ones
That's where I found my kingdom come
My heart beats like a drum

I, I went to Hell and back
To find myself on track
I broke the code, whoa-oh-oh
Like ammonites
I just gave it some time
Now I found paradise
I broke the code, whoa-oh-oh, whoa-oh-oh","The song ""The Code"" by Nemo explores themes of self-discovery, resilience, and the journey through life's challenges. The lyrics convey a sense of empowerment and liberation, as the narrator declares their intention to break free from constraints and embrace their true self. The imagery of ""going to Hell and back"" symbolizes a struggle or difficult experience that ultimately leads to personal growth and enlightenment.

Emotions in the song range from determination and excitement to introspection and reflection. The narrator expresses a desire to experience both the highs and lows of life, emphasizing the importance of balance and the complexity of moral choices. The repeated phrase ""I broke the code"" suggests a breakthrough or revelation that has allowed the narrator to find their own version of paradise.

The song also incorporates technological imagery, referencing ""O's and ones,"" which may symbolize the digital age and the search for meaning within it. Overall, ""The Code"" captures a journey of transformation, celebrating the triumph of overcoming obstacles and the joy of self-acceptance. This thematic richness makes it suitable for searches related to personal growth, resilience, and the quest for identity."
Unexplainable,Nemo,"




I can't explain the way I feel
Whatever happens in my mind
I never know if it's real
Can a feeling be a lie?
I rarely understand my thoughts
I write them down before I sleep
But I'm exactly where I was
Every time I take a read
Ooh, where do we go?
I reckon it all makes sense somewhere somehow
But, ooh, how will I know?
What if I'm unexplainable?
I can't explain the way I feel
The answer's somewhere out of reach
I'll meet a friend, we share a meal
We're saying words, but we don't speak
Another day has flown by
I still don't know what it all means
I go to bed, I close my eyes
And I'm a woman in my dreams
Ooh, where do we go?
I reckon it all makes sense somewhere somehow
But, ooh, how will I know?
What if I'm unexplainable?
Ooh, where do we go?
I reckon it all makes sense somewhere somehow
But, ooh, how will I know?
What if I'm unexplainable?
♪
Where do we go
When we close our eyes?
Seems I spend all my days
Waiting for the night
Oh, where do we go?
I'll tell you when I'm there
Just let me fall asleep
Turn back into her
Where do we go?
Do we go? Do we go?
Where do we go?
Do we go? Do we go?
Where do we go?
Do we go? Do we go?
Ooh, how will I know
I'm unexplainable?
","The song ""Unexplainable"" by Nemo explores themes of confusion, introspection, and the search for understanding one's emotions and thoughts. The lyrics convey a sense of uncertainty and the struggle to articulate feelings that seem elusive and complex. The artist reflects on the difficulty of distinguishing between reality and perception, questioning whether feelings can be deceptive.

Imagery in the song includes the act of writing thoughts down before sleep, symbolizing a desire to make sense of one's inner turmoil. The contrast between sharing a meal with a friend and the feeling of unspoken communication highlights a sense of isolation even in social situations. The recurring motif of dreaming suggests a longing for escape and a deeper understanding of oneself, as the artist envisions a different identity in dreams.

Emotions throughout the song range from frustration and longing to a sense of wonder about the unknown. The repeated questioning of ""where do we go?"" emphasizes a search for direction and meaning in life, particularly in moments of introspection. The overall tone is contemplative, capturing the essence of feeling unexplainable and the quest for clarity amidst confusion. This song would resonate with listeners who relate to the complexities of their emotions and the challenges of self-discovery."
Blue Monday,New Order,"How does it feel
To treat me like you do?
When you've laid your hands upon me
And told me who you are

I thought I was mistaken
I thought I heard your words
Tell me how do I feel
Tell me now, how do I feel

Those who came before me
Lived through their vocations
From the past until completion
They'll turn away no more

I still find it so hard
To say what I need to say
But I'm quite sure that you'll tell me
Just how I should feel today

I see a ship in the harbor
I can and shall obey
But if it wasn't for your misfortune
I'd be a heavenly person today

And I thought I was mistaken
And I thought I heard you speak
Tell me, how do I feel
Tell me now, how should I feel
Now I stand here waiting

I thought I told you to leave me
While I walk down to the beach
Tell me how does it feel
When your heart grows cold, grows cold...","""Blue Monday"" by New Order explores themes of emotional turmoil, betrayal, and longing. The lyrics convey a sense of confusion and vulnerability, as the narrator grapples with feelings of mistreatment and the complexities of a strained relationship. The repeated questioning of ""how do I feel"" highlights a struggle for self-understanding and the desire for clarity in the face of emotional pain.

Imagery in the song includes references to a ship in the harbor, symbolizing potential escape or change, and the beach, which evokes a sense of solitude and reflection. The mention of past generations living through their vocations suggests a connection to legacy and the weight of expectations.

Overall, the song captures a blend of melancholy and introspection, with an underlying tension between hope and despair. It resonates with listeners who have experienced heartache and the challenge of articulating their emotions in difficult situations. This thematic richness makes it relevant for searches related to feelings of betrayal, emotional confusion, and the complexities of love."
Play With Fire,Nico Santos,"It's only been about a couple of days
You must have gone and put a spell on me
I can't get you out from under my veins
Singin', ""Oh my Lord, she'll be the death of me""
I'm not the one to normally play the fool
So tell me, brother, what's a man to do?
Half man, half mad, goin' crazy over you
Singin', ""Oh my god, if you're the fire, I'm the fuel""

Well, my mama, yeah, she'd always say it's stupid to get in between
A woman who knows what she wants
Well, I guess I made that mistake, I'm young and foolish or brave
And she's made her way into my heart

I gotta get out
This is what you get when you fall in love
No one ever said how good it hurts
I tried it once, but it's once too much
You end up gettin' burned
I'm like the gasoline, you light the match
Ain't no one else who can burn me like that
So I cross my heart, kill my desire
This is what you get when you play with fire

Ooh-ooh-ooh-ooh-ooh-ooh
This is what you get when you play with fire
Ooh-ooh-ooh-ooh-ooh-ooh
This is what you get when you play with fire

I'm a pyromaniac, it ain't safe
'Cause you've got trouble written over your face
You say lover gotta have a little faith
Thinkin' I'd have mercy, but I know you ain't a saint
And daddy used to warn me 'bout your kind
I read the book maybe a thousand times
Somewhere, somehow missed the warning signs
'Cause I'm callin' up to see if you're around tonight

Well, my mama, yeah, she'd always say it's stupid to get in between
A woman who knows what she wants
Well, I guess I made that mistake, I'm young and foolish or brave
And she's made her way into my heart

I gotta get out
This is what you get when you fall in love
No one ever said how good it hurts
I tried it once, but it's once too much
You end up gettin' burned
I'm like the gasoline, you light the match
Ain't no one else who can burn me like that
So I cross my heart, kill my desire
This is what you get when you play with fire

Ooh-ooh-ooh-ooh-ooh-ooh
This is what you get when you play with fire
Ooh-ooh-ooh-ooh-ooh-ooh
This is what you get when you play with fire

Fire, fire, oh-oh-oh, oh-oh, oh-oh
Play with fire, fire, oh-oh-oh, oh-oh, oh-oh

I gotta get out
This is what you get when you fall in love
No one ever said how good it hurts
I tried it once, but it's once too much
You end up gettin' burned
I'm like the gasoline, you light the match
Ain't no one else who can burn me like that
So I cross my heart, kill my desire
This is what you get when you play with fire

Fire, fire, oh-oh-oh, oh-oh, oh-oh
This is what you get when you play with fire
Play with fire, fire, oh-oh-oh, oh-oh, oh-oh
This is what you get when you play with fire
Fire, fire, oh-oh-oh, oh-oh, oh-oh
Play with fire, fire, oh-oh-oh, oh-oh, oh-oh","The song ""Play With Fire"" by Nico Santos explores themes of love, desire, and the risks associated with falling for someone who is both captivating and dangerous. The lyrics convey a sense of infatuation and vulnerability, as the narrator feels spellbound by a woman who ignites intense emotions within him. He acknowledges the thrill of attraction but also the potential for heartbreak, likening his feelings to playing with fire—exciting yet perilous.

Emotions of confusion and longing are prevalent, as the narrator grapples with the advice of his mother, who warns against getting involved with someone who knows what they want. This internal conflict highlights the tension between youthful bravery and the wisdom of caution. The imagery of fire and gasoline symbolizes the passionate yet volatile nature of their relationship, suggesting that while love can be exhilarating, it can also lead to pain and suffering.

The narrator reflects on past experiences, recognizing that love can be both beautiful and hurtful, ultimately leading to a sense of resignation about the consequences of his choices. The repeated refrain emphasizes the inevitability of getting burned when one plays with fire, reinforcing the song's central message about the complexities of love and desire. Overall, the song captures the intoxicating yet risky nature of romantic relationships, making it relatable for anyone who has experienced the highs and lows of love."
In A Manner Of Speaking,Nouvelle Vague,"In a manner of speaking
I just want to say
That I could never forget the way
You told me everything
By saying nothing

In a manner of speaking
I don't understand
How love in silence becomes reprimand
But the way that I feel about you
Is beyond words

Oh, give me the words
Give me the words
That tell me nothing
Oh, give me the words
Give me the words
That tell me everything

In a manner of speaking
Semantics won't do
In this life that we live, we live, we only make do
The way that we feel
Might have to be sacrificed

So in a manner of speaking
I just want to say
That just like you I should find a way
To tell you everything
By saying nothing

Oh, give me the words
Give me the words
That tell me nothing
Oh, give me the words
Give me the words
That tell me everything

Oh, give me the words
Give me the words
That tell me nothing
Oh, give me the words
Give me the words
That tell me everything","The song ""In A Manner Of Speaking"" by Nouvelle Vague explores themes of love, communication, and the complexities of expressing emotions. The lyrics convey a sense of longing and introspection, highlighting the paradox of wanting to communicate deep feelings while feeling constrained by the limitations of language. 

The imagery reflects a struggle between silence and expression, suggesting that sometimes the most profound emotions are conveyed without words. The narrator grapples with the idea that love can be both fulfilling and frustrating, as unspoken feelings can lead to misunderstandings or reprimands. 

Emotions of nostalgia and yearning permeate the song, as the narrator wishes for the right words to articulate their feelings, emphasizing the desire for connection despite the challenges of communication. The repetition of the plea for words that ""tell me nothing"" yet ""tell me everything"" underscores the complexity of human relationships and the nuances of emotional expression.

Overall, the song captures the bittersweet nature of love and the difficulty of conveying true feelings, making it a poignant reflection on the interplay between silence and speech in romantic contexts."
In a Manner of Speaking,Nouvelle Vague,"In a manner of speaking
I just want to say
That I could never forget the way
You told me everything
By saying nothing

In a manner of speaking
I don't understand
How love in silence becomes reprimand
But the way that I feel about you
Is beyond words

Oh, give me the words
Give me the words
That tell me nothing
Oh, give me the words
Give me the words
That tell me everything

In a manner of speaking
Semantics won't do
In this life that we live, we live, we only make do
The way that we feel
Might have to be sacrificed

So in a manner of speaking
I just want to say
That just like you I should find a way
To tell you everything
By saying nothing

Oh, give me the words
Give me the words
That tell me nothing
Oh, give me the words
Give me the words
That tell me everything

Oh, give me the words
Give me the words
That tell me nothing
Oh, give me the words
Give me the words
That tell me everything","The song ""In a Manner of Speaking"" by Nouvelle Vague explores themes of unexpressed emotions, the complexities of love, and the struggle to communicate feelings effectively. The lyrics convey a sense of longing and introspection, highlighting the paradox of wanting to express deep feelings while feeling constrained by the limitations of language. 

The imagery of silence and the idea of saying everything by saying nothing suggest a profound connection that transcends verbal communication. The narrator grapples with the notion that love can sometimes lead to misunderstandings or feelings of reprimand when not openly expressed. There is a yearning for clarity and the right words to convey emotions that feel too vast for simple language.

Overall, the song captures a bittersweet emotional landscape, where the desire for connection and understanding is met with the challenges of expressing one's true feelings. It resonates with anyone who has experienced the difficulty of articulating love and the nuances of relationships. The repeated plea for ""words that tell me nothing"" juxtaposed with ""words that tell me everything"" emphasizes the complexity of human emotions and the desire for deeper understanding."
I Could Be A Florist,Olivia Dean,"I could be a florist
'Round the corner from Rye Lane
I'll be giving daisies to crazies
But baby, I'll wrap you up real safe
Oh, I can give you flowers
At the end of every day
For the center of your table, a rainbow
In case you have people 'round to stay
If you need to tell 'em sorry (sorry about that)
Then I'll have the right bouquet (right bouquet)
When words don't come so easy
Believe me, you need these
They know what just to say
Oh, I could be a florist
Put some life up in your space
That little something missing
I'll fix it, can't miss it
I'm open every day
That little something missing
I'll fix it, can't miss it
I'm open every day","The song ""I Could Be A Florist"" by Olivia Dean explores themes of love, care, and the desire to bring joy to someone's life through simple, thoughtful gestures. The imagery of flowers serves as a metaphor for emotional support and connection, suggesting that the act of giving flowers can convey feelings that words may fail to express. The narrator envisions a life where they provide comfort and beauty to a loved one, emphasizing the importance of small, meaningful acts in relationships.

Emotions in the song range from warmth and affection to a sense of reliability and dedication. The narrator expresses a willingness to be there for their partner, offering flowers as a way to enhance their shared space and address emotional needs. The repeated notion of being ""open every day"" highlights a commitment to being present and available, reinforcing the idea of nurturing love through consistent, caring actions.

Overall, the song captures the essence of finding joy in everyday moments and the significance of thoughtful gestures in maintaining a loving relationship. It resonates with listeners who appreciate the beauty of small acts of kindness and the emotional depth they can convey."
vampire,Olivia Rodrigo,"I hate to give the satisfaction asking, ""How you're doing now?""
""How's the castle built off people you pretend to care about?""
Just what you wanted
Look at you, cool guy, you got it

I see the parties and the diamonds, sometimes when I close my eyes
Six months of torture you sold as some forbidden paradise
I loved you truly
You gotta laugh at the stupidity

'Cause I've made some real big mistakes
But you make the worst one look fine
I should've known it was strange
You only come out at night

I used to think I was smart
But you made me look so naive
The way you sold me for parts
As you sunk your teeth into me
Oh, bloodsucker, fame fucker
Bleeding me dry like a goddamn vampire

And every girl I ever talked to, told me you were bad, bad news
You called them crazy, God, I hate the way I called them crazy too
You're so convincing
How do you lie without flinching? (How do you lie? How do you lie? How do you lie?)

Ooh, what a mesmerizing, paralyzing, fucked up little thrill
Can't figure out just how you do it
And God knows I never will
Went for me and not her
'Cause girls your age know better

I've made some real big mistakes
But you make the worst one look fine
I should've known it was strange
You only come out at night

I used to think I was smart
But you made me look so naive
The way you sold me for parts
As you sunk your teeth into me
Oh, bloodsucker, fame fucker
Bleeding me dry like a goddamn vampire

You said, ""It was true love""
But wouldn't that be hard?
You can't love anyone
'Cause that would mean you had a heart
I tried you help you out, now I know that I can't
'Cause how you think's the kind of thing
I'll never understand

I've made some real big mistakes
But you make the worst one look fine
I should've known it was strange
You only come out at night

I used to think I was smart
But you made me look so naive
The way you sold me for parts
As you sunk your teeth into me
Oh, bloodsucker, fame fucker
Bleeding me dry like a goddamn vampire","The song ""Vampire"" by Olivia Rodrigo explores themes of betrayal, heartbreak, and the emotional toll of a toxic relationship. The lyrics convey a sense of anger and disillusionment as the narrator reflects on their experiences with a manipulative partner who thrives on deception and emotional exploitation. 

Imagery of a ""vampire"" symbolizes the partner's draining presence, suggesting they take advantage of the narrator's love and trust, leaving them feeling naive and used. The mention of ""parties and diamonds"" juxtaposes superficial glamour with the underlying pain of the relationship, highlighting the contrast between appearance and reality. 

Emotions of regret and self-awareness permeate the song, as the narrator acknowledges their own mistakes while recognizing the greater harm inflicted by their partner. The repeated questioning of the partner's sincerity and the realization of their manipulative nature evoke feelings of frustration and betrayal. 

Overall, the song captures the tumultuous experience of falling for someone who ultimately proves to be harmful, using vivid imagery and raw emotion to illustrate the complexities of love and deception. This thematic exploration makes it relevant for discussions about toxic relationships, emotional manipulation, and personal growth."
House of Memories,Panic! At The Disco,"Whoa-oh-oh, oh-oh-oh
Whoa-oh-oh, oh-oh-oh

If you're a lover, you should know
The lonely moments just get lonelier
The longer you're in love
Than if you were alone
Memories turn into daydreams
Become a taboo

I don't want to be afraid
The deeper that I go
It takes my breath away
Soft hearts, electric souls
Heart to heart and eyes to eyes
Is this taboo?

Baby, we built this house
On memories
Take my picture now
Shake it 'til you see it
And when your fantasies
Become your legacy
Promise me a place
In your house of memories

Whoa-oh-oh, oh-oh-oh
Whoa-oh-oh, oh-oh-oh

I think of you from time to time
More than I thought I would
You were just too kind
And I was too young to know
That's all that really matters
I was a fool

Baby, we built this house
On memories
Take my picture now
Shake it 'til you see it
And when your fantasies
Become your legacy
Promise me a place
In your house of memories

Whoa-oh-oh, oh-oh-oh
Whoa-oh-oh, oh-oh-oh

Those thoughts of past lovers
They'll always haunt me
I wish I could believe
You'd never ruined me
Then will you remember
Me in the same way
As I remember you?

Baby, we built this house
On memories
Take my picture now
Shake it 'til you see it
And when your fantasies
Become your legacy
Promise me a place

Baby, we built this house
On memories
Take my picture now
Shake it 'til you see it
And when your fantasies
Become your legacy
Promise me a place
In your house of memories

Whoa-oh-oh, oh-oh-oh
Whoa-oh-oh
In your house of memories
Whoa-oh-oh, oh-oh-oh
Promise me a place","""House of Memories"" by Panic! At The Disco explores themes of love, nostalgia, and the bittersweet nature of memories. The lyrics convey a sense of longing and reflection, highlighting how love can intensify feelings of loneliness and how memories can linger, shaping one's identity and emotional landscape.

The song captures the emotional complexity of past relationships, where cherished moments coexist with regret and the haunting presence of former lovers. Imagery of building a ""house"" on memories suggests a foundation of shared experiences that define a relationship, while the repeated plea for a ""place"" in this metaphorical house emphasizes the desire for lasting connection and remembrance.

Emotions range from wistfulness to vulnerability, as the narrator grapples with the impact of love and the passage of time. The lyrics evoke a sense of yearning for acknowledgment and a hope that the memories shared will be valued and preserved. Overall, the song encapsulates the interplay between love, memory, and the desire for permanence in the face of change."
labour,Paris Paloma,"One, two, three

Why are you hanging on so tight
To the rope that I'm hanging from?
Off this island, this was an escape plan (this was an escape plan)
Carefully timed it, so let me go
And dive into the waves below

Who tends the orchards? Who fixes up the gables?
Emotional torture from the head of your high table
Who fetches the water from the rocky mountain spring?
And walk back down again to feel your words and their sharp sting
And I'm getting fucking tired

The capillaries in my eyes are bursting
If our love died, would that be the worst thing?
For somebody I thought was my saviour
You sure make me do a whole lot of labour

The calloused skin on my hands is cracking
If our love ended, would that be a bad thing?
And the silence haunts our bed chamber
You make me do too much labour

You make me do too much labour

Apologies from my tongue, and never yours
Busy lapping from flowing cup and stabbing with your fork
I know you're a smart man (I know you're a smart man), and weaponise
The false incompetence, it's dominance under a guise

If we had a daughter, I'd watch and could not save her
The emotional torture, from the head of your high table
She'd do what you taught her, she'd meet the same cruel fate
So now I've gotta run, so I can undo this mistake
At least I've gotta try

The capillaries in my eyes are bursting
If our love died, would that be the worst thing?
For somebody I thought was my saviour
You sure make me do a whole lot of labour

The calloused skin on my hands is cracking
If our love ends, would that be a bad thing?
And the silence haunts our bed chamber
You make me do too much labour

All day, every day, therapist, mother, maid
Nymph then a virgin, nurse then a servant
Just an appendage, live to attend him
So that he never lifts a finger
24-7, baby machine
So he can live out his picket fence dreams
It's not an act of love if you make her
You make me do too much labour

All day, every day, therapist, mother, maid
Nymph then virgin, nurse and a servant
Just an appendage, live to attend him
So that he never lifts a finger
24-7, baby machine
So he can live out his picket fence dreams
It's not an act of love if you make her
You make me do too much labour

All day, every day, therapist, mother, maid
(The capillaries in my eyes are bursting)
Nymph then virgin, nurse and a servant
(If our love died, would that be the worst thing?)
Just an appendage, live to attend him
(For somebody I thought was my saviour)
So that he never lifts a finger
(You sure make me do a whole lot of labour)

24-7, baby machine
(The calloused skin on my hands is crackin')
So he can live out his picket fence dreams
(If our love ends, would that be a bad thing?)
It's not an act of love if you make her
(And the silence haunts our bed chamber)
You make me do too much labour","The song ""Labour"" by Paris Paloma explores themes of emotional labor, gender roles, and the struggles within a toxic relationship. The lyrics convey a sense of frustration and exhaustion as the narrator grapples with the burdens placed upon them by a partner who demands constant support and care, likening their role to that of a therapist, mother, and servant. 

Imagery of physical and emotional strain is prevalent, with references to calloused hands, bursting capillaries, and the haunting silence in their shared space, symbolizing the toll that this relationship takes on the narrator's well-being. The narrator questions the nature of love, pondering whether the end of their relationship would truly be a loss, given the emotional torture they endure.

The song also touches on the fear of perpetuating a cycle of suffering, particularly in the context of potential future generations, highlighting the desire to break free from these patterns. The repeated refrain emphasizes the overwhelming nature of the labor they are forced to undertake, suggesting that true love should not come with such burdens. Overall, ""Labour"" captures a poignant struggle for autonomy and self-worth amidst the demands of a one-sided relationship."
Simple Song,Passenger,"Here's a simple song
Won't stop the rain from coming down
Or your heart from breaking

Here's a simple song
It's never gonna turn this day around
Stop the earth from shaking

It's just a simple song
Nothing right or wrong
You can sing along if you want to

Well, I know it's not been easy
But easy ain't worth singin' about
Yeah, I know, I know
The time goes slow
But it's always running out

Here's a simple song
Won't stop the rain from coming down
Or your heart from breaking

Here's a simple song
Never gonna turn this day around
Stop the earth from shaking

It is just a simple song
Nothing right or wrong
You can sing along if you want to

Well, I know it's far from simple
But simple ain't worth worryin' about
Yeah, I know, I know
It's time to go
I think I keep on finding
Everything seems to be about timing

Here's a simple song
Won't stop the rain from coming down
Or your heart from breaking

Just a simple song
Never gonna turn this day around
Stop the earth from shaking

It's just a simple song
Nothing right or wrong
You can sing along if you want to

Whoa-oh-oh, it's just a simple song
Nothing right or wrong
You can sing along if you want to","The song ""Simple Song"" by Passenger explores themes of acceptance, resilience, and the complexities of life through a straightforward and reflective lens. The lyrics convey a sense of humility and recognition that life’s challenges—symbolized by rain and heartbreak—are inevitable and cannot be easily changed. The repeated refrain emphasizes the simplicity of the song itself, suggesting that while life can be complicated, sometimes it’s best to embrace simplicity and sing along, regardless of circumstances.

Emotions in the song range from melancholy to a gentle optimism, as the narrator acknowledges the difficulties of life but also encourages a light-hearted approach to them. The imagery of rain and the earth shaking evokes feelings of turmoil and instability, while the notion of a ""simple song"" serves as a comforting reminder that not everything needs to be profound or perfect.

Overall, the song captures the essence of finding solace in simplicity amidst life's unpredictability, making it relatable for listeners who may be grappling with their own challenges. It invites them to reflect on timing and the importance of not overcomplicating their experiences. This thematic richness makes it suitable for searches related to resilience, acceptance, and the beauty of simplicity in difficult times."
Let Her Go,Passenger,"Well, you only need the light when it's burning low
Only miss the sun when it starts to snow
Only know you love her when you let her go

Only know you've been high when you're feeling low
Only hate the road when you're missing home
Only know you love her when you let her go

And you let her go

Staring at the bottom of your glass
Hoping one day you'll make a dream last
But dreams come slow, and they go so fast

You see her when you close your eyes
Maybe one day, you'll understand why
Everything you touch surely dies

But you only need the light when it's burning low
Only miss the sun when it starts to snow
Only know you love her when you let her go
Only know you've been high when you're feeling low
Only hate the road when you're missing home
Only know you love her when you let her go

Staring at the ceiling in the dark
Same old empty feeling in your heart
'Cause love comes slow, and it goes so fast

Well, you see her when you fall asleep
But never to touch and never to keep
'Cause you loved her too much, and you dived too deep

Well, you only need the light when it's burning low
Only miss the sun when it starts to snow
Only know you love her when you let her go
Only know you've been high when you're feeling low
Only hate the road when you're missing home
Only know you love her when you let her go

And you let her go
Oh, oh, mm, oh
And you let her go
Oh, oh, uh, uh
Well, you let her go

'Cause you only need the light when it's burning low
Only miss the sun when it starts to snow
Only know you love her when you let her go
Only know you've been high when you're feeling low
Only hate the road when you're missing home
Only know you love her when you let her go

'Cause you only need the light when it's burning low
Only miss the sun when it starts to snow
Only know you love her when you let her go
Only know you've been high when you're feeling low
Only hate the road when you're missing home
Only know you love her when you let her go

And you let her go","The song ""Let Her Go"" by Passenger explores themes of love, loss, and regret. The lyrics convey a deep sense of longing and reflection, emphasizing the idea that one often realizes the value of something only after it is gone. The imagery of light and darkness symbolizes moments of clarity and despair, while references to the changing seasons (like missing the sun when it snows) highlight the contrast between joy and sorrow.

Emotions of nostalgia and heartache permeate the song, as the narrator grapples with feelings of emptiness and the fleeting nature of dreams and love. The repeated acknowledgment that love is often recognized only in its absence underscores a universal truth about human relationships. The narrator reflects on personal struggles, such as staring at the bottom of a glass or the ceiling in the dark, which evoke feelings of loneliness and introspection.

Overall, the song captures the bittersweet realization that one often takes love for granted until it is lost, making it a poignant exploration of the complexities of love and the pain of letting go. This thematic depth makes it relevant for questions about love, loss, and the emotional journey of relationships."
And I Love Her,Passenger,"She's a whistle on the wind
A feather on the breeze
A ripple on the stream
She is sunlight on the sea
She's a soft summer rain
Falling gently through the trees
And I love her
She's cunning as a fox
Clever as a crow
Solid as a rock
She is stubborn as a stone
She's a hardheaded woman
And the best one that I know
And I love her
Yeah, well I love her
She's as new as the springtime
Strong as autumn blows
Warm as the summer
And soft as the snow
She's a thousand miles from here
But she's everywhere I go
'Cause I love her
She loves me like a woman
She looks like a lady
She laughs like a child
And cries like a baby
I think that maybe she's the one that's gonna save me","The song ""And I Love Her"" by Passenger explores deep themes of love and admiration through vivid imagery and emotional contrasts. The lyrics depict the beloved as a natural and ethereal presence, likening her to elements of nature such as wind, sunlight, and rain, which evoke feelings of warmth, gentleness, and beauty. The singer expresses a profound connection, suggesting that despite physical distance, the beloved's essence is omnipresent in his life.

Emotions of affection and devotion are central, as the singer describes her qualities—cunning, clever, solid, and stubborn—highlighting both her strength and complexity. The imagery of seasons—spring, summer, autumn, and winter—reflects the cyclical nature of love and the different facets of the beloved's character. The juxtaposition of her laughter and tears adds depth, portraying her as a multifaceted individual who embodies both joy and vulnerability.

Overall, the song conveys a sense of longing and hope, with the singer believing that this woman may be the one to bring him salvation. The themes of love, admiration, and the interplay of strength and softness make it a poignant expression of romantic devotion. This summary can help retrieve the song for thematic questions related to love, nature, and emotional complexity."
Nothing Else Matters,Phoebe Bridgers,"So close, no matter how far
Couldn't be much more from the heart
Forever trusting who we are
And nothing else matters
Never opened myself this way
Life is ours, we live it our way
All these words I don't just say
And nothing else matters
Trust I seek and I find in you
Every day for us something new
Open mind for a different view
And nothing else matters
Never cared for what they do
Never cared for what they know
But I know
So close, no matter how far
Couldn't be much more from the heart
Forever trusting who we are
And nothing else matters
Never cared for what they do
Never cared for what they know
But I know
Never opened myself this way
Life is ours, we live it our way
All these words I don't just say
And nothing else matters
Trust I seek and I find in you
Every day for us, something new
Open mind for a different view
And nothing else matters
Never cared for what they say
Never cared for games they play
Never cared for what they do
Never cared for what they know
And I know
So close, no matter how far
Couldn't be much more from the heart
Forever trusting who we are
No, nothing else matters","The song ""Nothing Else Matters"" by Phoebe Bridgers explores themes of deep emotional connection, trust, and authenticity in relationships. The lyrics convey a sense of intimacy and vulnerability, emphasizing the importance of being true to oneself and to each other, regardless of external opinions or societal pressures. 

Imagery of closeness is prevalent, with lines expressing that distance does not diminish the bond shared between individuals. The repeated phrase ""nothing else matters"" underscores the idea that the relationship's significance outweighs all other concerns. The song reflects a journey of self-discovery and openness, highlighting the beauty of living life on one's own terms and embracing new experiences together.

Emotions of love, trust, and defiance against external judgment are central to the narrative, creating a heartfelt and introspective atmosphere. Overall, the song captures the essence of prioritizing personal connections and the profound impact they have on one's life. This thematic richness makes it suitable for searches related to love, trust, and the importance of personal relationships."
Donde Estas Yolanda,Pink Martini,"¿Dónde estás, dónde estás, Yolanda?
¿Qué paso, qué paso, Yolanda?
Te busqué, te busqué, Yolanda
Y no estás, y no estás, Yolanda

¿Dónde estás, dónde estás, Yolanda?
¿Qué paso, qué paso, Yolanda?
Te busqué, te busqué, Yolanda
Y no estás, y no estás, Yolanda

Tus ojos me miraron
Tus labios me besaron
Con ese fuego ardiente
Ardiente de mujer

La luz de tu mirada
El fuego de tus labios
Flecharon a mi pecho
Y de ti me enamoré

¿Dónde estás, dónde estás, Yolanda?
¿Qué paso, qué paso, Yolanda?
Te busqué, te busqué, Yolanda
Y no estás, y no estás, Yolanda

¿Dónde estás, dónde estás, Yolanda?
¿Qué paso, qué paso, Yolanda?
Te busqué, te busqué, Yolanda
Y no estás, y no estás, Yolanda

¡Dikedikeda!

¿Dónde estás, dónde estás, Yolanda?
¿Qué paso, qué paso, Yolanda?
Te busqué, te busqué, Yolanda
Y no estás, y no estás, Yolanda

¿Dónde estás, dónde estás, Yolanda?
¿Qué paso, qué paso, Yolanda?
Te busqué, te busqué, Yolanda
Y no estás, y no estás, Yolanda

Me dicen que paseabas
En un carro, Yolanda
Muy guapa y arrogante
Y todos te silbaban

Si un día te encontrara
No sé qué puedo hacer
No sé, me vuelvo loco
Si ya no te vuelvo a ver

¿Dónde estás, dónde estás, Yolanda?
¿Qué paso, qué paso, Yolanda?
Te busqué, te busqué, Yolanda
Y no estás, y no estás, Yolanda

¿Dónde estás, dónde estás, Yolanda?
¿Qué paso, qué paso, Yolanda?
Te busqué, te busqué, Yolanda
Y no estás, y no estás, Yolanda (¡Seba!)","The song ""Donde Estas Yolanda"" by Pink Martini revolves around themes of longing, love, and loss. The repeated questioning of ""¿Dónde estás, Yolanda?"" conveys a deep sense of yearning and desperation as the narrator searches for Yolanda, who seems to have vanished. The lyrics express a mix of nostalgia and heartache, highlighting the emotional impact of her absence.

Imagery in the song evokes passionate memories, with references to Yolanda's captivating eyes and fiery kisses, suggesting a romantic and intense connection. The narrator reflects on the allure and beauty of Yolanda, describing her as ""guapa y arrogante,"" which adds a layer of admiration and desire. The situation is one of searching and longing, as the narrator grapples with the uncertainty of whether they will ever see Yolanda again, leading to feelings of madness and despair.

Overall, the song captures the essence of unrequited love and the pain of separation, making it relatable for anyone who has experienced similar emotions. The repetitive structure emphasizes the narrator's fixation on Yolanda, reinforcing the themes of longing and the search for connection."
The Lemonade Song,Pink Martini,"Well, you couldn't be good
If you've never been bad
You couldn't keep cool
If you've never gone mad
You couldn't be glum
If you've never been glad
And lemons give you lemonade
If you don't do the work
You'll never get paid
If you don't have the crowd
There's no parade
It may be trite
And I know it's clichéd
But lemons give you lemonade
The glass is half full of sweet champagne
Some say it's half empty, what do they know?
Why would you whine about the rain
When you could lose yourself inside a rainbow?
Without the climb
You don't get the view
Without the crime
You won't have a clue
There is no rhapsody
Without the blue
And lemons give you lemonade
The glass is half full of sweet champagne
Some say it's half empty, what do they know?
If you keep whining 'bout the rain
How you ever gonna see the rainbow?
Somebody's pain
Is somebody's pleasure
Somebody's trash
Is somebody's treasure
Somebody's ugly
Is somebody's lovely
And lemons give you lemonade
","""The Lemonade Song"" by Pink Martini explores themes of duality and perspective, emphasizing the idea that contrasting experiences shape our understanding of life. The lyrics convey a sense of resilience and optimism, suggesting that one cannot appreciate joy without having experienced sorrow, or clarity without confusion. The imagery of lemons turning into lemonade serves as a metaphor for turning challenges into opportunities, while the mention of rain and rainbows highlights the importance of finding beauty in difficult situations.

Emotions in the song range from reflective to uplifting, encouraging listeners to embrace life's complexities rather than dwell on negativity. The repeated refrain about the glass being half full versus half empty underscores a positive outlook, urging individuals to focus on the potential for joy rather than lamenting what is lacking. The song also touches on the interconnectedness of experiences, suggesting that pain can lead to pleasure and that perceptions of beauty are subjective.

Overall, ""The Lemonade Song"" is a celebration of life's ups and downs, advocating for a hopeful perspective and the transformative power of adversity. It is ideal for thematic searches related to resilience, optimism, and the beauty of life's contrasts."
When Under Ether,PJ Harvey,"The ceiling is moving
Moving in time
Like a conveyor-belt
Above my eyes

When under ether
The mind comes alive
But conscious of nothing
But the will to survive

I lay on the bed
Waist-down undressed
Look up at the ceiling
Feeling happiness

Human kindness

The woman beside me
Is holding my hand
I point at the ceiling
She smiles so kind

Something's inside me
Unborn and unblessed
Disappears in the ether
This world to the next
Disappears in the ether
One world to the next

Human kindness","""When Under Ether"" by PJ Harvey explores themes of consciousness, vulnerability, and the interplay between life and death. The lyrics convey a surreal experience, where the narrator feels a disconnection from reality while under the influence of ether, a state that heightens awareness yet leaves them conscious of nothing but the instinct to survive. 

Imagery of a moving ceiling and a conveyor-belt evokes a sense of disorientation and the passage of time. The narrator describes a moment of intimacy and comfort, as a woman holds their hand, symbolizing human kindness amidst a vulnerable state. The juxtaposition of feeling happiness while being undressed and exposed highlights a complex emotional landscape, blending vulnerability with a sense of peace.

The mention of something ""unborn and unblessed"" suggests themes of potential and loss, as it disappears into the ether, symbolizing a transition from one existence to another. Overall, the song captures a poignant mix of existential reflection, tenderness, and the human experience of connection in moments of fragility. This emotional depth and exploration of life’s transitions make it a rich subject for thematic inquiries related to consciousness, intimacy, and the human condition."
Bang Bang,Rita Ora,"Bang bang, na-na-na-na-na
Bang bang, na-na-na-na-na
Oh my God, think I'm in trouble (oh)

Ooh-ooh-ooh, you showed up and made me wonder
Looking fun but kinda dangerous too
Yeah, yeah, ooh-ooh-ooh, I got lifted off the ground
I don't know what you've done, but it's just too good (oh, yeah)

Ooh-ooh, you've got something, think I want it
'Cause I never felt the way that I do
Yeah, when I'm with you, you
It's so hard to see through you, and that's why I want it

Bang bang, look what you started
Bang bang, straight to my heart
It skipped a beat, you feel like trouble (oh)
Bang bang, baby I've got it
Bad, bad, look what you started
Oh my God, think I'm in trouble

Bang bang, na-na-na-na-na
Bang bang, na-na-na-na-na
Oh, my God, think I'm in trouble
Bang bang, na-na-na-na-na
Bang bang, na-na-na-na-na
Oh, my God, think I'm in trouble

Ooh-ooh-ooh, what's the core of our connection?
Is it just that I know I'm bound to lose? (Yeah, yeah)
Ooh-ooh-ooh, you're a fire, my obsession
And want all of your devotion for good, yeah

Ooh-ooh, you got something, think I want it
'Cause I never felt the way that I do, yeah
When I'm with you, you
It's so hard to see through you
And that's why I want it

Bang bang, look what you started
Bang bang, straight to my heart
It skipped a beat, you feel like trouble
Bang bang, baby I've got it
Bad, bad, look what you started
Oh, my God, think I'm in trouble

Bang bang, na-na-na-na-na
Bang bang, na-na-na-na-na
Oh, my God, think I'm in trouble
Bang bang, na-na-na-na-na
Bang bang, na-na-na-na-na
Oh, my God, think I'm in trouble

Ooh-ooh

Ooh-ooh, you got something, think I want it
'Cause I never felt the way that I do, yeah
When I'm with you, you, it's so hard to see through you (see through you)
And that's why I want it

Bang bang, look what you started
Bang bang, straight to my heart
It skipped a beat, you feel like trouble (oh)
Bang bang, baby I've got it
Bad, bad, look what you started
Oh, my God, think I'm in trouble

Bang bang, na-na-na-na-na
Bang bang, na-na-na-na-na","The song ""Bang Bang"" by Rita Ora explores themes of attraction, desire, and the thrill of a potentially dangerous romance. The lyrics convey a sense of excitement and urgency, as the narrator feels captivated by someone who is both alluring and risky. The repeated phrase ""Bang bang"" serves as a metaphor for the sudden impact of love and infatuation, suggesting that the connection is intense and electrifying.

Emotions in the song range from exhilaration to apprehension, as the narrator acknowledges the trouble that may come from this passionate encounter. Imagery of being ""lifted off the ground"" and having a heart that ""skipped a beat"" emphasizes the overwhelming nature of the attraction. The narrator grapples with the uncertainty of the relationship, questioning the depth of their connection while simultaneously expressing a strong desire for the other person.

Overall, the song captures the intoxicating mix of excitement and danger that often accompanies new love, making it relatable for anyone who has experienced the thrill of falling for someone who feels like trouble. This thematic focus on love's complexities and the emotional rollercoaster it brings can help retrieve the song for questions related to romantic tension and the allure of risky relationships."
Falling Slowly,Ronan Keating,"I don't know you, but I want you
All the more for that
Words fall through me and always fool me
And I can't react
And games that never amount
To more than they're meant
Will play themselves out

Take this sinking boat and point it home
We've still got time
Raise your hopeful voice
You have a choice
You've made it now

Falling slowly, eyes that know me
And I can't go back
The moods that take me and erase me
And I'm painted black
Well, you have suffered enough
And warred with yourself
It's time that you won

Take this sinking boat and point it home
We've still got time
Raise your hopeful voice
You have a choice
You've made it now
Falling slowly, sing your melody
I'll sing along

Falling slowly
Falling slowly, oh
I'll pay the cost too late
Now you're gone","The song ""Falling Slowly"" by Ronan Keating explores themes of longing, vulnerability, and the complexities of emotional connection. The lyrics convey a sense of yearning for someone unknown yet deeply desired, highlighting the tension between hope and despair. The imagery of a ""sinking boat"" symbolizes a struggle or a difficult situation, suggesting the need for direction and resolution. 

Emotions of uncertainty and introspection are prevalent, as the narrator grapples with feelings of inadequacy and the weight of past experiences. The repeated phrase ""falling slowly"" evokes a sense of gradual surrender to these emotions, while the call to ""raise your hopeful voice"" emphasizes the importance of choice and resilience in the face of adversity. 

Overall, the song captures a poignant moment of reflection on love, loss, and the desire for connection, making it relatable for anyone who has faced similar emotional challenges. It resonates with listeners through its heartfelt lyrics and evocative imagery, making it suitable for thematic searches related to love, longing, and personal struggle."
"What A Life - From the Motion Picture ""Another Round""",Scarlet Pleasure,"What a life
What a night
What a beautiful, beautiful ride
Don't know where I'm in five
But I'm young and alive
Fuck what they are saying
What a life

I am so thrilled right now
'Cause I'm poppin' (woo) right now
Don't wanna worry 'bout a thing (don't wanna worry)
But it makes me terrified
To be on the other side
How long before I go insane? (Insane)

I am so thrilled right now
'Cause I'm poppin' (woo) right now
Don't wanna worry 'bout a thing (don't wanna worry)
But it makes me terrified
To be on the other side
How long before I go insane?

What a life
What a night
What a beautiful, beautiful ride
Don't know where I'm in five
But I'm young and alive (woo)
Fuck what they are saying
What a life

It's okay, it's okay
That we're living, we're living this way
Don't know where I'm in five
But I'm young and alive (woo)
Fuck what they are saying
What a life

It's okay, it's okay
That we're living, we're living this way
Don't know where I'm in five
But I'm young and alive (woo)
Fuck what they are saying
What a life

What a life
What a night
What a beautiful, beautiful ride
Don't know where I'm in five
But I'm young and alive (woo)
Fuck what they are saying
What a life","The song ""What A Life"" by Scarlet Pleasure captures a vibrant and carefree spirit, celebrating the thrill of youth and the joy of living in the moment. The lyrics convey a sense of exhilaration and freedom, emphasizing the beauty of life experiences despite uncertainties about the future. 

Key themes include:

- **Youth and Vitality**: The repeated affirmation of being ""young and alive"" highlights the energy and excitement of youth, encouraging listeners to embrace their current state.
- **Living in the Moment**: The phrase ""What a life"" reflects a positive outlook on life, suggesting a desire to enjoy the present without being burdened by worries about the future.
- **Fear and Anxiety**: Despite the upbeat tone, there is an underlying tension expressed through feelings of terror about what lies ahead, hinting at the complexities of navigating life’s uncertainties.
- **Rebellion Against Judgment**: The line ""Fuck what they are saying"" suggests a defiance against societal expectations or criticisms, reinforcing the theme of living authentically and unapologetically.

Imagery in the song evokes a sense of adventure and celebration, with references to a ""beautiful ride"" and the thrill of being ""poppin'."" Overall, the song encapsulates a blend of joy, fear, and a carefree attitude, making it relatable for those navigating the highs and lows of life. This thematic richness can help retrieve the song for questions related to youth, living in the moment, and the balance of joy and anxiety."
Ára bátur,Sigur Rós,"Þú reyndir allt
Já, þúsundfalt
Upplifðir nóg
Komin með nóg
En það varst þú sem allt
Lést í hjarta mér
Og það varst þú sem andann aftur
Kveiktir inní mér

Ég fór, þú fórst

Þú rótar í
Tilfinningum
I hrærivél
Allt úti um allt
En það varst þú sem alltaf varst
Til staðar fyrir mann
Það varst þú sem aldrei dæmdir
Sannur vinur manns

Ég fór, þú fórst
(Hopelandic)

Þú siglir á fljótum
Yfir á gömlum ára
Sem skítlekur
Þú syndir að landi
Ýtir frá öldugangi
Ekkert vinnur á
Þú flýtur á sjónum
Sefur á yfirborði
Ljós í þokunni
(Hopelandic)","The song ""Ára bátur"" by Sigur Rós explores themes of deep emotional connection, friendship, and the complexities of personal experiences. The lyrics convey a sense of longing and reflection, highlighting the impact of a significant relationship on the speaker's life. 

Key emotions include nostalgia, gratitude, and a sense of vulnerability. The imagery of sailing on a river and navigating through fog suggests a journey through life's challenges, with the presence of a true friend providing comfort and support. The repeated acknowledgment of the friend as a constant source of strength emphasizes loyalty and unconditional acceptance.

The song captures the essence of shared experiences, the struggle with feelings, and the solace found in companionship. It evokes a dreamlike quality, characteristic of Sigur Rós's style, blending ethereal sounds with poignant lyrical themes. This makes it suitable for searches related to friendship, emotional support, and introspective journeys."
Run,Snow Patrol,"I'll sing it one last time for you
Then we really have to go
You've been the only thing that's right
In all I've done

And I can barely look at you
But every single time I do
I know we'll make it anywhere
Away from here

Light up, light up
As if you have a choice
Even if you cannot hear my voice
I'll be right beside you dear

Louder, louder
And we'll run for our lives
I can hardly speak I understand
Why you can't raise your voice to say

To think I might not see those eyes
Makes it so hard not to cry
And as we say our long goodbyes
I nearly do

Light up, light up
As if you have a choice
Even if you cannot hear my voice
I'll be right beside you, dear

Louder, louder
And we'll run for our lives
I can hardly speak I understand
Why you can't raise your voice to say?

Slower, slower
We don't have time for that
All I want is to find an easier way
To get out of our little heads

Have heart, my dear
We're bound to be afraid
Even if it's just for a few days
Making up for all this mess

Light up, light up
As if you have a choice
Even if you cannot hear my voice
I'll be right beside you dear","The song ""Run"" by Snow Patrol explores themes of love, longing, and the urgency of connection in the face of impending separation. The lyrics convey deep emotional resonance, highlighting the struggle of saying goodbye to someone who has been a source of comfort and stability. The imagery of light and running suggests a desire for hope and escape, emphasizing the need to find solace together despite difficult circumstances.

The narrator expresses vulnerability and a sense of helplessness, grappling with the fear of losing the person they cherish. Phrases like ""I'll be right beside you"" and ""we'll run for our lives"" evoke a sense of loyalty and determination to face challenges together. The repeated calls to ""light up"" and ""louder"" reflect a yearning for connection and communication, even when words fail.

Overall, the song captures the bittersweet nature of love, the pain of parting, and the hope of finding a way forward, making it a poignant anthem for anyone experiencing similar emotions in their relationships."
Everybody Supports Women,SOFIA ISELLA,"Everybody supports women until a woman's doing better than you
Everybody wants you to love yourself until you actually do
It was something about her hair
So perfectly fallen
She was nice and smart and funny and got everything she wanted
And she does charity
Isn't that the most obnoxious thing you've heard
Her popularity
She's too pretty for her own good
She's probably self-centered
We hate her and she's nothing
If everybody leaves her
Then she had it coming

Is there anything you'd like to put on the record?
You know
While everyone is listening?

I would like it to be known that I'm not like her
I'm mocking her 'cause I'm not like her
I'm not like those girls who are not like those girls
I love doing makeup, I don't mock women like her I'm not like her

As soon as she hits it, I'm kicking her out
She's had enough of the love and I'm bringing her down
Everyone together on the count of three
One, two
You're mundane, we agree

Your ambition is swallowable if you tell the story right
Say that you hate yourself and self criticize
But if we smell desperation on your neck and face
We'll drag you across your own public stage

We burn her name in the back
Anything with her name attached
Her newspaper's in the trash
I just keep thinking man

What a waste
What a shame
I was starting to like her But now she got great
We'd never hate her to her face
But I hope she knows
She knows she knows she knows
Hmm

I don't like your tone
I don't like how much you've grown
It's so boring to not be yanking muscle off of a woman's bone
Everybody hates the, everyone hates the un-relatable
And I love to place two of 'em in the arena of the public's eye
And try and get 'em to fight about something dumb and we pick sides
'Cause staring at her too long made our life look like muted pastels
We'll love you if you just make us feel better about ourselves

And what a waste
What a shame
I was starting to like her But now she got great
We'd never hate her to her face
But I hope she knows
She knows she knows she knows

And what a pain
I watch us spit her name while she's turned the other side
We never told it to her face
But I think she knows, she knows she knows she knows

Everybody supports women until a woman's doing better than you
Everybody wants you to love yourself until you actually do
It was something about her hair
So perfectly fallen
She was nice and smart and funny and got everything she wanted
And she does charity
Isn't that the most obnoxious thing you've heard
Her popularity
She's too pretty for her own good
She's probably self-centered
We hate her and she's nothing
If everybody leaves her
Then she had it coming

Everybody supports women until a woman's doing better than you
Everybody wants you to love yourself until you actually do
It was something about her hair","The song ""Everybody Supports Women"" by SOFIA ISELLA explores themes of jealousy, societal expectations, and the complexities of female empowerment. The lyrics convey a sense of irony and critique the superficial support women often receive from one another, particularly when one woman begins to outshine others. 

Emotions of envy and resentment are prevalent, as the narrator reflects on the double standards faced by women who are successful or confident. Imagery of a woman with ""perfectly fallen"" hair and a seemingly perfect life highlights the societal pressures and judgments placed on women based on their appearance and achievements. The narrator grapples with feelings of inadequacy and the tendency to mock those who embody traits that are admired yet envied.

Situations depicted in the song include the public's fickle support for women, which turns sour when one woman becomes too successful or self-assured. The lyrics suggest a collective desire to tear down those who rise above, revealing a darker side of female relationships where competition and comparison overshadow solidarity. The repeated refrain emphasizes the hypocrisy in advocating for women's empowerment while simultaneously engaging in backhanded criticism.

Overall, the song captures the tension between supporting women and the jealousy that can arise when one woman excels, making it a poignant commentary on the complexities of female identity and societal expectations."
All of Human Knowledge Made Us Dumb,SOFIA ISELLA,"Turns out
All of human knowledge at our fingertips made us dumb
Lost my connection to reality stepping into a virtual one

Turns out all of human knowledge at our fingertips made life slow
But nothing moves fast enough, lost in the infinite scroll

I'm on your screen, looking at you
The world out there is such a dark hue
It's so colorful here
It's so colorful here

And there's always something going on
We go everywhere, you should come along
It's so colorful here
Everyone's so happy in here

Oooh
Oooh

So how many emotions can you put me in in under a minute
Throw out every thought in my head til you only hear crickets
Put every face on me that's under the sun
Until every feeling gets so overused they go numb

And I can talk in any language
And I can know every answer that's every been known
But when everyone's together, everyone's alone
Cause we look so much better when we're in the phone

Oooh
Oooh

So grab my attention by the throat
I'll be laughing on my own
I lost weeks and everyone
But we're all having so much fun

So grab my attention til it chokes
Only 2 seconds before I go
Detachment is soaring but
Real life is so boring","The song ""All of Human Knowledge Made Us Dumb"" by SOFIA ISELLA explores themes of disconnection and the paradox of digital connectivity. It reflects on how the abundance of information and virtual experiences can lead to a sense of numbness and isolation in reality. The lyrics convey a sense of frustration with the slow pace of real life compared to the fast, colorful distractions of the online world.

Emotions of confusion and detachment are prevalent, as the narrator grapples with the overwhelming nature of constant digital engagement. Imagery of vibrant online experiences contrasts sharply with the ""dark hue"" of the real world, highlighting the allure of virtual spaces where everyone appears happy. The song captures the fleeting nature of attention in the digital age, where emotions can be rapidly cycled through, leading to a sense of emptiness.

Situations depicted include the struggle to maintain genuine connections amidst the noise of social media and the feeling of being lost in an infinite scroll of content. The lyrics suggest a longing for deeper engagement while acknowledging the superficiality of online interactions. Overall, the song serves as a commentary on the impact of technology on human relationships and the quest for authenticity in a digitally dominated landscape."
We Might Be Dead By Tomorrow,Soko,"Give me all your love now
'Cause for all we know
We might be dead by tomorrow
I can't go on wasting my time
Adding scars to my heart
'Cause all I hear is
I'm not ready now
And I can tell
That you didn't had
To face your mother
Losing her lover
Without saying goodbye, without saying goodbye
'Cause she didn't had time
I don't want to judge
What's in your heart
But if you're not ready for love
How can you be ready for life?
How can you be ready for life?
So let's love fully
And let's love loud
Let's love now
'Cause soon enough we'll die","The song ""We Might Be Dead By Tomorrow"" by Soko explores themes of urgency, love, and the fleeting nature of life. The lyrics convey a sense of existential reflection, emphasizing the importance of expressing love and connection in the present moment, as life is unpredictable and can end unexpectedly. 

The emotional tone is a mix of vulnerability and determination, as the narrator urges a partner to embrace love fully rather than hesitating or holding back due to fear or past scars. Imagery of loss is present, particularly through the reference to a mother grieving her partner without a chance for closure, highlighting the pain of unexpressed feelings and the inevitability of death.

The song captures a sense of urgency to live and love passionately, encouraging listeners to prioritize emotional connections and to confront their fears about intimacy. Overall, it serves as a poignant reminder to cherish relationships and to act on love before it's too late."
Until I Found You - Piano Version,Stephen Sanchez,"Georgia
Wrap me up in all your
I want ya in my arms
Oh, let me hold ya

I'll never let you go again like I did
Oh, I used to say

I would never fall in love again until I found her
I said, I would never fall unless it's you I fall into
I was lost within the darkness, but then I found her
I found you

Georgia
Pulled me in, I asked to love her
Once again you fell, I caught ya

I'll never let you go again like I did
Oh, l used to say

I would never fall in love again until I found her
I said I would never fall unless it's you I fall into
I was lost within the darkness, but then I found her
I found you

I would never fall in love again until I found her
I said, I would never fall unless it's you I fall into
I was lost within the darkness, but then I found her
I found you","The song ""Until I Found You"" by Stephen Sanchez, particularly in its piano version, explores themes of love, longing, and redemption. The lyrics convey a deep emotional journey, where the narrator reflects on past heartbreak and the transformative power of finding true love. 

Imagery of warmth and intimacy is prevalent, as the narrator expresses a desire to be enveloped in the arms of a loved one, symbolizing safety and connection. The repeated mention of ""Georgia"" serves as a personal touch, possibly representing a significant person or place that evokes strong feelings.

The emotional tone shifts from despair and darkness—indicating a previous reluctance to love again—to hope and fulfillment upon finding the right partner. The narrator acknowledges a past of lost love but emphasizes a newfound commitment, vowing never to let go again. This contrast between past pain and present joy highlights the song's central message about the healing nature of love.

Overall, the song captures the essence of rediscovering love after loss, making it relatable for anyone who has experienced similar feelings of vulnerability and hope. It is ideal for thematic searches related to love, healing, and emotional connection."
High,Stephen Sanchez,"Pull you underneath the slumber into the light before the thunder
Tell me, is there any wonder about where we stand?
Little honey, in the summer, fell in love with Hunter
Oh, I can't have this

I'm gonna get you so high, it's gonna send you reelin'
Baby, gonna feel it, baby, gonna feel it
I'm gonna go down all night, it's gonna get you kneelin'
Baby, can you feel this? I'm gonna make you feel this

I'm gonna get you so high
Ooh-ooh-ooh, ooh-ooh, ooh
Ooh-ooh-ooh, ooh, ooh, ooh-ooh

I couldn't let go of the sonnet, look how out of hand it's gotten
Is it wrong for me to want this? But, baby, all I do is want it
And, if I knew that I could have you, don't you know that I'd be glad to
Show it?

I'm gonna get you so high, it's gonna send you reelin'
Baby, gonna feel it, baby, gonna feel it
I'm gonna go down all night, it's gonna get you kneelin'
Baby, can you feel this? I'm gonna make you feel this

I'm gonna get you so high
Ooh-ooh, ooh-ooh, ooh-ooh

I'm gonna get you so high, it's gonna send you reelin'
Baby, gonna feel it, baby, gonna feel it
I'm gonna go down all night, it's gonna get you kneelin'
Baby, can you feel it?

I'm gonna get you so high","The song ""High"" by Stephen Sanchez explores themes of love, desire, and the intoxicating effects of romantic connection. The lyrics convey a sense of urgency and passion, as the narrator expresses a deep longing to elevate their partner's emotional and physical experience. Imagery of summer romance and euphoric highs suggests a carefree, almost dreamlike state, where love feels exhilarating and overwhelming.

Emotions in the song range from yearning and excitement to a hint of vulnerability, as the narrator grapples with the intensity of their feelings. The repeated phrase ""I'm gonna get you so high"" serves as a metaphor for the euphoric highs of love, indicating a desire to create unforgettable moments together. The mention of ""thunder"" and ""slumber"" juxtaposes the calmness of intimacy with the potential chaos of strong emotions, enhancing the song's dramatic tension.

Overall, the song captures the thrill of falling in love and the desire to share that experience, making it relatable for anyone who has felt the rush of a new relationship. It is ideal for thematic searches related to love, passion, and the highs of romantic experiences."
Until I Found You,Stephen Sanchez,"Georgia, wrap me up in all your-
I want you in my arms
Oh, let me hold you
I'll never let you go again like I did
Oh, I used to say

""I would never fall in love again until I found her""
I said, ""I would never fall unless it's you I fall into""
I was lost within the darkness, but then I found her
I found you

Georgia, pulled me in
I asked to love her once again
You fell, I caught you
I'll never let you go again like I did
Oh, I used to say

""I would never fall in love again until I found her""
I said, ""I would never fall unless it's you I fall into""
I was lost within the darkness, but then I found her
I found you

I would never fall in love again until I found her
I said, ""I would never fall unless it's you I fall into""
I was lost within the darkness, but then I found her
I found you","The song ""Until I Found You"" by Stephen Sanchez explores themes of love, longing, and redemption. The lyrics convey a deep emotional journey, where the narrator reflects on past heartbreak and a sense of being lost in darkness before finding true love. The imagery of being wrapped up and held suggests a desire for intimacy and security, emphasizing the importance of connection with the person named Georgia.

The narrator expresses a sense of vulnerability, having previously vowed never to fall in love again, only to realize that this new love is worth the risk. The repetition of the lines about never falling in love until finding her highlights the transformative power of this relationship, suggesting that it brings light and hope into a previously dark existence. Overall, the song captures the joy and relief of discovering a profound love that changes everything, making it a poignant reflection on the complexities of romance and emotional healing."
Mountain Peaks,Stephen Sanchez,"Hold me like you want me
As a ghost, come back and haunt me
Oh, oh, oh
You are easy on my eyes
If this is love, then make me blind
Oh, oh, oh
If your waves could be the mountains I climb
If I could reach the peaks and touch your mind
Oh, oh, the distance I would go
If confession leads to something real
It's not a moment in time for the way I feel
Oh, oh, oh no
I'm falling again
I'm falling again
I'm falling
Reflecting in your eyes of blue
I am captured by the way you move
Oh, oh, oh
How your voice could steal my breath
For a moment stop this beating chest
Oh, oh, oh
If your waves could be the mountains I climb
If I could reach the peaks and touch your mind
Oh, oh, the distance I would go
If confession leads to something real
It's not a moment in time for the way I feel
Oh, oh, oh no
I'm falling again
I'm falling again
I'm falling again
I'm falling again
I'm falling","The song ""Mountain Peaks"" by Stephen Sanchez explores themes of love, longing, and emotional vulnerability. The lyrics convey a deep yearning for connection, as the narrator expresses a desire to be held and to experience love in a profound way. Imagery of mountains and waves symbolizes the challenges and heights of love, suggesting that the narrator is willing to overcome obstacles to reach emotional intimacy.

Emotions of infatuation and admiration are prevalent, with references to being captivated by the partner's appearance and presence. The narrator feels a sense of being overwhelmed, as indicated by phrases like ""stop this beating chest"" and ""falling again,"" which highlight the intensity of their feelings. The desire for a genuine connection is emphasized, with a longing for confessions that lead to something real, rather than fleeting moments.

Overall, the song captures the essence of romantic vulnerability, the beauty of deep emotional connections, and the willingness to navigate the complexities of love. It is rich in imagery and emotion, making it relatable for anyone who has experienced the highs and lows of romantic relationships."
CANCELLED!,Taylor Swift,"You thought that it would be okay, at first
The situation could be saved, of course
But they'd already picked out your grave and hearse
Beware the wrath of masked crusaders
Did you girl-boss too close to the sun?
Did they catch you having far too much fun?
Come with me, when they see us, they'll run
Something wicked this way comes

Good thing I like my friends cancelled
I like 'em cloaked in Gucci and in scandal
Like my whiskey sour
And poison thorny flowers
Welcome to my underworld
Where it gets quite dark
At least you know exactly who your friends are
They're the ones with matching scars

It's easy to love you when you're popular
The optics click, everyone prospers
But one single drop, you're off the roster
""Tone-deaf and hot, let's fuckin' off her""
Did you make a joke only a man could?
Were you just too smug for your own good?
Or bring a tiny violin to a knife fight?
Baby, that all ends tonight

Good thing I like my friends cancelled
I like 'em cloaked in Gucci and in scandal
Like my whiskey sour
And poison thorny flowers
Welcome to my underworld
It'll break your heart
At least you know exactly who your friends are
They're the ones with matching scars

They stood by me
Before my exoneration
They believed I was innocent
So I'm not here for judgment, no…
But if you can't be good
Then just be better at it
Everyone's got bodies in the attic
Or took somebody's man
We'll take you by the hand
And soon you'll learn the art
Of never getting caught

It's a good thing I like my friends cancelled
You know that I like 'em cloaked in Gucci and in scandal
I like my whiskey sour
And poison thorny flowers
Yeah, it's a good thing I like my friends cancelled
I salute you if you're much too much to handle
Like my whiskey sour
I like it, I love it
And poison thorny flowers
Can't you see my infamy loves company?
Now they've broken you like they've broken me
But a shattered glass
Is a lot more sharp
And now you know exactly who your friends are
You know who we are
We're the ones with matching scars

","The song ""CANCELLED!"" by Taylor Swift explores themes of friendship, betrayal, and the darker side of fame. It captures the emotional turmoil of navigating social dynamics, particularly in the context of public scrutiny and judgment. The lyrics convey a sense of defiance and camaraderie among those who have faced adversity, suggesting that true friends are those who stand by you through difficult times, even when society turns against you.

Imagery in the song includes references to luxury (""cloaked in Gucci""), danger (""poison thorny flowers""), and the underworld, creating a vivid contrast between glamour and the harsh realities of betrayal. The repeated motif of ""cancelling"" reflects the fleeting nature of popularity and the consequences of being in the public eye, where one misstep can lead to ostracism.

Emotions range from empowerment and resilience to a sense of loss and disillusionment. The lyrics suggest a celebration of those who embrace their flaws and scars, indicating that shared struggles can forge deeper connections. The song ultimately champions the idea of finding strength in solidarity with those who have also been marginalized or judged, emphasizing that true loyalty is revealed in times of crisis. 

Overall, ""CANCELLED!"" serves as a commentary on the complexities of relationships in a world obsessed with image, while also highlighting the importance of authenticity and support among friends."
Nothing Matters,The Last Dinner Party,"I have my sentence now
At last, I know just how you felt
I dig my fingers in, expecting more than just the skin

'Cause we're a lot alike
In favor, like a motorbike
A sailor and a nightingale
Slow dancing in convertibles

And you can hold me, like he held her
And I will fuck you like nothing matters
And you can hold me, like he held her
And I will fuck you like nothing matters

We've got the highway tight
The moon is bursting with headlights
One more and we're away
Love tender in your Chevrolet

And we're a lot alike
In favor, like a motorbike
A sailor and a nightingale
Dancing in convertibles

And you can hold me, like he held her
And I will fuck you like nothing matters
And you can hold me, like he held her
And I will fuck you like nothing matters

Even when the cold comes crashing through
I'm putting all my bets on you
I hope they never understand us
I put my heart inside your palms
My home in your arms
Now we know nothing matters
Nothing matters (oh-oh)

And you can hold me, like he held her
And I will fuck you like nothing matters
And you can hold me, like he held her
And I will fuck you like nothing matters

And you can hold me, like he held her
And I will fuck you like nothing matters
And you can hold me, like he held her
And I will fuck you like nothing matters, ooh","The song ""Nothing Matters"" by The Last Dinner Party explores themes of love, intimacy, and the fleeting nature of relationships. The lyrics convey a sense of longing and connection, as the narrator reflects on their emotional bond with a partner, drawing parallels to past experiences and relationships. 

Imagery of physical closeness is prevalent, with references to holding and touching, suggesting a deep yearning for connection. The metaphor of a ""motorbike"" and ""convertibles"" evokes a sense of freedom and adventure, while the mention of the ""moon"" and ""headlights"" creates a romantic nighttime setting. 

Emotions range from passionate desire to vulnerability, as the narrator expresses a willingness to embrace love despite uncertainties. The repeated line ""I will fuck you like nothing matters"" emphasizes a carefree attitude towards their relationship, suggesting that in the moment, the intensity of their connection overshadows any external concerns. 

Overall, the song captures the exhilaration and intensity of love, while also acknowledging the complexities and potential transience of such feelings. It resonates with listeners who appreciate themes of passionate romance and the bittersweet nature of human connections."
Carry On,The Score,"Take a trip inside my head
Leave your sticks and stones
Broken bones, I'm left for dead
But still I carry on
When I am down
I carry on
When it's cold in this wild, wild world
Everyone's trying to dig your grave
I carry on
When you're told you don't the fit the mold
Now everybody's got a say
I carry on
When the madness all around us starts to take it's toll
I carry on
It's a long, dark, winding road we're on
Oh, I carry on

Here I go again, the sound of silence
Ringing in my head
Same as yesterday, see the sirens
All I feel is red
I bet the house, don't make no sense
But all I got's what's in my chest
So here I go again
Here I go
But when I am down
I carry on
When it's cold in this wild, wild world
Everyone's trying to dig your grave
I carry on
When you're told you don't the fit the mold
Now everybody's got a say
I carry on
When the madness all around us starts to take it's toll
I carry on
It's a long, dark, winding road we're on
Oh, I carry on

I carry
I carry
I carry
I carry on
I carry
I carry
I carry
I carry on
When it's cold in this wild, wild world
Everyone's trying to dig your grave
I carry on
When you're told you don't the fit the mold
Now everybody's got a say
I carry on
When the madness all around us starts to take it's toll
I carry on
It's a long, dark, winding road we're on
Oh, I carry on

I carry on
Oh, I carry on
","The song ""Carry On"" by The Score explores themes of resilience, perseverance, and the struggle against adversity. The lyrics convey a sense of inner turmoil and the challenges of navigating a harsh world where external pressures and negativity abound. The imagery of a ""long, dark, winding road"" symbolizes the difficult journey of life, while phrases like ""everyone's trying to dig your grave"" highlight feelings of isolation and judgment from others.

Emotions of determination and defiance are prevalent throughout the song, as the repeated refrain ""I carry on"" serves as a mantra of strength in the face of hardship. The singer reflects on personal struggles, including feelings of being misunderstood and the weight of societal expectations, yet remains committed to pushing forward despite the chaos and madness surrounding them.

Overall, the song encapsulates a powerful message of hope and the importance of continuing to fight through challenges, making it a fitting anthem for anyone facing difficulties or seeking motivation to keep going."
Run Like A Rebel,The Score,"I feel a shiver
Ripple down my spine
It cuts likes a river
And let's me know it's time

There's a million faces
Told to get in line
Spend their lives in cages
Until the day they die

But I'm not a number
I can't be defined
Yeah, I feel the hunger
I think that it's time

That I run like a rebel
Run like a rebel, run like a rebel, run like the rebel
Shake off the devil, shake off the devil
Run like a rebel, run like a rebel

Like a rebel

Are we all addicted
To living by design?
I won't be constricted
To stay between the lines

But I'm not a number
I can't be defined
Yeah, I feel the hunger
I think that it's time

That I run like a rebel
Run like a rebel, run like a rebel, run like the rebel
Shake off the devil, shake off the devil
Run like a rebel, run like a rebel

Like a rebel

Run, run, run
Run, run, run
Like a rebel (rebel)

I'm not a number
I can't be defined
Yeah, I feel the hunger
I think that it's time
I'm not a number
I can't be defined
Yeah, I feel the hunger
I think that it's time
Run like a rebel, run like a rebel

Like a rebel
Run, run, run
Run, run, run
Like a rebel","""Run Like A Rebel"" by The Score explores themes of individuality, defiance, and the desire for freedom. The lyrics convey a strong emotional undercurrent of rebellion against societal norms and constraints. The imagery of feeling a ""shiver"" and a ""hunger"" suggests a deep yearning for change and self-expression, while the metaphor of being ""caged"" reflects the struggle against conformity.

The song emphasizes the importance of breaking free from societal expectations, with repeated affirmations of not being defined by numbers or labels. The call to ""run like a rebel"" serves as a rallying cry for listeners to embrace their true selves and reject limitations. The phrase ""shake off the devil"" implies a desire to overcome inner demons and external pressures.

Overall, the song captures a spirit of empowerment and urgency, encouraging listeners to take action and live authentically. It resonates with anyone feeling constrained by societal norms and seeking to assert their individuality."
Head Up,The Score,"Lately, I've been feeling so alone
Can someone give the antidote to me so I can
Finally understand where I belong
The world outside to me is like an ocean and I

Can't swim, I'm losin' my grip
Caught up in the current, won't drown in this ship
I can't swim, I'm startin' to slip
I'm runnin' out of breath, I'm scared to death

I gotta keep my head up, up, up, up
Up above the water, up above the water
Gotta keep my head up, up, up, up
I'm never going under, never going under
As long as air's in my lungs
Blood's in my veins
I'm not going down this way
I gotta keep my head up, up, up, up
Up above the water, up above the water

If I hit the bottom, will I break?
'Cause I've been there before a million times, but I don't
Know how much more of this I can take
I'm at the surface, what is my purpose? It's making me nervous, I

Can't swim, I'm losing my grip
Caught up in the current, won't drown in this ship
I can't swim, I'm startin' to slip
I'm runnin' out of breath, I'm scared to death

I gotta keep my head up, up, up, up
Up above the water, up above the water
Gotta keep my head up, up, up, up
I'm never going under, never going under
As long as air's in my lungs
Blood's in my veins
I'm not going down this way
I gotta keep my head up, up, up, up
Up above the water, up above the water

Holding on, still holding on
How'd it get so deep? Yeah
Holding on, still holding on
How'd it get so deep? Yeah
Holding on, still holding on
I'm running out of breath, I'm scared to death

I gotta keep my head up, up, up, up
Up above the water, up above the water
Gotta keep my head up, up, up, up
I'm never going under, never going under
As long as air's in my lungs
Blood's in my veins
I'm not going down this way
I gotta keep my head up, up, up, up
Up above the water, up above the water","The song ""Head Up"" by The Score explores themes of struggle, resilience, and the quest for belonging amidst feelings of isolation and fear. The lyrics convey a deep sense of vulnerability, as the narrator grapples with overwhelming emotions and a sense of being lost in a vast, tumultuous world likened to an ocean. Imagery of drowning and losing grip highlights the intensity of their anxiety and the fight against despair.

The repeated mantra of ""keeping my head up"" serves as a powerful declaration of determination and hope, emphasizing the importance of perseverance despite the challenges faced. The narrator expresses a fear of hitting rock bottom and questions their purpose, reflecting a common human experience of uncertainty and self-doubt. However, the insistence on staying afloat—""as long as air's in my lungs, blood's in my veins""—reinforces a commitment to survival and resilience.

Overall, the song captures a journey through emotional turmoil while ultimately advocating for strength and the refusal to succumb to despair. It resonates with listeners who may feel overwhelmed but are encouraged to keep pushing forward. This thematic focus on resilience in the face of adversity makes it a relatable anthem for anyone navigating difficult times."
I Think We're Alone Now,Tiffany,"That's what they say when we're together
""And watch how you play""
They don't understand

And so we're...
Running just as fast as we can
Holdin' on to one another's hand
Tryin' to get away into the night
And then you put your arms around me
And we tumble to the ground
And then you say

I Think We're Alone Now
There doesn't seem to be anyone around
I Think We're Alone Now
The beating of our hearts is the only sound

Look at the way
We gotta hide what we're doin'
'Cause what would they say
If they ever knew

And so we're
Running just as fast as we can
Holdin' on to one another's hand
Tryin' to get away into the night
And then you put your arms around me
And we tumble to the ground
And then you say

I Think We're Alone Now (Alone Now)
There doesn't seem to be anyone around
I Think We're Alone Now (Alone Now)
The beating of our hearts is the only sound
I Think We're Alone Now (Alone Now)
There doesn't seem to be anyone around
I Think We're Alone Now (Alone Now)
The beating of our hearts is the only sound

Running just as fast as we can
Holdin' on to one another's hand
Tryin' to get away into the night
And then you put your arms around me
And we tumble to the ground
And then you say

I Think We're Alone Now
There doesn't seem to be anyone around
I Think We're Alone Now
The beating of our hearts is the only sound

I Think We're Alone Now
There doesn't seem to be anyone around
I Think We're Alone Now
The beating of our hearts is the only sound

I Think We're Alone Now (Alone Now)
There doesn't seem to be anyone around
I Think We're Alone Now (Alone Now)
The beating of our hearts is the only sound
I Think We're Alone Now (Alone Now)
There doesn't seem to be anyone around
I Think We're Alone Now (Alone Now)
The beating of our hearts is the only sound","The song ""I Think We're Alone Now"" by Tiffany explores themes of youthful love, secrecy, and the desire for freedom. The lyrics convey a sense of urgency and excitement as the couple seeks to escape societal judgment and enjoy their connection away from prying eyes. The imagery of running hand-in-hand into the night evokes a feeling of adventure and intimacy, highlighting the thrill of being together in a world that doesn't understand their relationship.

Emotions of longing and rebellion are prevalent, as the couple feels the need to hide their affection, suggesting a conflict between their desires and external expectations. The repeated refrain emphasizes the solace they find in each other's presence, with the ""beating of our hearts"" symbolizing their shared experience and connection amidst the chaos of the outside world.

Overall, the song captures the essence of young love, the exhilaration of being alone together, and the bittersweet nature of having to conceal their feelings. It resonates with anyone who has experienced the intensity of a secret romance."
Rebirth,Tinlicker,"You ever wonder why the kindest get the roughest ride
Or how the toughest ones don't share the thing they feel inside?
You laugh the loudest, sang the lowest, we don't notice, right?
As long as someone's laughing, that'll keep keep the joke alive

We had so many dreams, I guess we planned to live a life
Somehow we all ended working up a nine-to-five
If you don't fight to make it work, you only run away
If you can't face it, man, it hits you like a tidal wave

Those thoughts in your head
Might tell you you're not ready
Is that what you heard
That life is lonely?
You should know
You've always been ready
The highs and the lows
Are better with somebody

Keep falling in love, keep falling in love
Keep falling in love, keep falling in love
Keep falling in love, keep falling in love
Keep falling in love, keep falling in love

Keep falling in love, keep falling in love
Keep falling in love, keep falling in love
Keep falling in love, keep falling in love
Keep falling in love, keep falling in love

Keep falling in love, keep falling in love
Keep falling in love, keep falling in love
Keep falling in love, keep falling in love
Keep falling in love, keep falling in love

Keep falling in love, keep falling in love
Keep falling in love, keep falling in love
Keep falling in love, keep falling in love
Keep falling in love, keep falling in love

Those thoughts in your head
Might tell you you're not ready
Is that what you heard
That life is lonely?
You should know
You've always been ready
The highs and the lows
Are better with somebody

(Falling in love, falling in love)
(Falling in love, falling in love)
(Falling in love, falling in love)
(Falling in love, falling in love)
(Falling in love, falling in love)
(Falling in love, falling in love)
(Falling in love, falling in love)
(Falling in love, falling in love)","The song ""Rebirth"" by Tinlicker explores themes of resilience, love, and the complexities of human emotions. It reflects on the struggles faced by kind-hearted individuals who often endure hardships, contrasting their inner feelings with outward appearances. The lyrics convey a sense of longing for connection and the importance of companionship through life's ups and downs.

Imagery in the song highlights the contrast between dreams and reality, as it touches on the mundane nature of a nine-to-five existence, suggesting a yearning for something more fulfilling. The repeated encouragement to ""keep falling in love"" emphasizes the necessity of love and connection as a remedy for loneliness and emotional turmoil. 

The emotional tone ranges from introspective and contemplative to hopeful and uplifting, suggesting that despite life's challenges, love remains a powerful force that can enhance both the highs and lows of existence. Overall, the song captures the essence of navigating life's difficulties while maintaining a focus on love and relationships as a source of strength and joy."
Another Love,Tom Odell,"I wanna take you somewhere so you know I care
[00:25.63] But it's so cold, and I don't know where
[00:29.76] I brought you daffodils on a pretty string
[00:33.83] But they won't flower like they did last spring
[00:41.85] And I wanna kiss you, make you feel alright
[00:46.25] I'm just so tired to share my nights
[00:50.28] I wanna cry and I wanna love
[00:54.47] But all my tears have been used up
[01:02.36] On another love, another love
[01:06.98] All my tears have been used up
[01:10.56] On another love, another love
[01:15.12] All my tears have been used up
[01:18.71] On another love, another love
[01:23.45] All my tears have been used up
[01:26.24] Oh-oh
[01:30.68] Oh
[01:36.05] Oh-oh, oh-oh
[01:43.59] Oh-oh-oh, oh-oh
[01:54.92] And if somebody hurts you, I wanna fight
[01:58.68] But my hand's been broken one too many times
[02:02.63] So I'll use my voice, I'll be so fucking rude
[02:06.68] Words, they always win, but I know I'll lose
[02:10.55] And I'd sing a song that'd be just ours
[02:14.43] But I sang 'em all to another heart
[02:18.48] And I wanna cry, I wanna learn to love
[02:22.57] But all my tears have been used up
[02:26.35] On another love, another love
[02:30.66] All my tears have been used up
[02:34.17] On another love, another love
[02:38.45] All my tears have been used up
[02:41.86] On another love, another love
[02:46.22] All my tears have been used up
[02:52.29] Ah-oh
[02:58.13] Oh-oh
[03:05.55] Oh (oh, need a love, now)
[03:09.64] Oh (my heart is thinking of)
[03:12.78] I wanna sing a song that'll be just ours
[03:16.83] But I sang 'em all to another heart
[03:20.72] And I wanna cry, I wanna fall in love
[03:24.84] But all my tears have been used up
[03:28.40] On another love, another love
[03:31.98] All my tears have been used up
[03:36.27] On another love, another love
[03:39.62] All my tears have been used up
[03:43.93] On another love, another love
[03:48.32] All my tears have been used up
[03:52.01] Oh-oh
[03:55.29] Oh-oh
[04:02.42] 
","The song ""Another Love"" by Tom Odell explores themes of heartbreak, emotional exhaustion, and the struggle to move on from a past relationship. The lyrics convey a deep sense of longing and vulnerability, as the narrator expresses a desire to care for someone new but feels hindered by the pain of previous love. Imagery such as ""daffodils on a pretty string"" symbolizes beauty and hope, yet contrasts with the coldness and inability to fully embrace new feelings.

The narrator grapples with feelings of inadequacy, stating that they want to cry and love again, but all their tears have been ""used up"" on ""another love."" This repetition emphasizes the emotional toll of past experiences, suggesting a sense of depletion and reluctance to invest in new relationships. The desire to protect and fight for the new love is present, but the narrator acknowledges their own brokenness, indicating a struggle between wanting to be there for someone and feeling incapable due to past hurts.

Overall, the song captures the complexity of moving forward after heartbreak, the yearning for connection, and the emotional barriers that can arise from previous experiences. It resonates with listeners who have faced similar situations of love lost and the challenge of opening up to new possibilities."
Stressed Out,Twenty One Pilots,"I wish I found some better sounds no one's ever heard
I wish I had a better voice that sang some better words
I wish I found some chords in an order that is new
I wish I didn't have to rhyme every time I sang
I was told when I get older, all my fears would shrink
But now I'm insecure and I care what people think
My name's Blurryface and I care what you think
My name's Blurryface and I care what you think
Wish we could turn back time
To the good ol' days
When our momma sang us to sleep
But now we're stressed out
Wish we could turn back time
To the good ol' days
When our momma sang us to sleep
But now we're stressed out
We're stressed out
Sometimes a certain smell will take me back to when I was young
How come I'm never able to identify where it's coming from?
I'd make a candle out of it, if I ever found it
Try to sell it, never sell out of it, I'd probably only sell one
It'd be to my brother 'cause we have the same nose
Same clothes, homegrown
A stone's throw from a creek we used to roam
But it would remind us of when nothing really mattered
Out of student loans and treehouse homes
We all would take the latter
My name's Blurryface and I care what you think
My name's Blurryface and I care what you think
Wish we could turn back time
To the good ol' days
When our momma sang us to sleep
But now we're stressed out
Wish we could turn back time
To the good ol' days
When our momma sang us to sleep
But now we're stressed out
We used to play pretend, give each other different names
We would build a rocket ship and then we'd fly it far away
Used to dream of outer space, but now they're laughing at our face
Saying, ""Wake up, you need to make money""
Yeah
We used to play pretend, give each other different names
We would build a rocket ship and then we'd fly it far away
Used to dream of outer space, but now they're laughing at our face
Saying, ""Wake up, you need to make money""
Yeah
Wish we could turn back time
To the good ol' days
When our momma sang us to sleep
But now we're stressed out
Wish we could turn back time
To the good ol' days
When our momma sang us to sleep
But now we're stressed out
We used to play pretend, used to play pretend, money
We used to play pretend, wake up, you need the money
Used to play pretend, used to play pretend, money
We used to play pretend, wake up, you need the money
Used to play pretend, give each other different names
We would build a rocket ship and then we'd fly it far away
Used to dream of outer space, but now they're laughing at our face
Saying, ""Wake up, you need to make money""
Yeah

","The song ""Stressed Out"" by Twenty One Pilots explores themes of nostalgia, insecurity, and the pressures of adulthood. The lyrics convey a longing for the simplicity and innocence of childhood, contrasting it with the stress and responsibilities that come with growing up. The narrator expresses a desire to return to ""the good ol' days"" when life was carefree, and their mother would sing them to sleep, highlighting a sense of loss and yearning for comfort.

Imagery in the song includes memories of childhood activities, such as playing pretend, building rocket ships, and the innocence of youth, which are juxtaposed with the harsh realities of adult life, including financial pressures and societal expectations. The recurring mention of ""Blurryface"" symbolizes the narrator's insecurities and the weight of external opinions, emphasizing the emotional struggle of wanting to be accepted while feeling overwhelmed.

Overall, the song captures a bittersweet reflection on growing up, the loss of carefree dreams, and the stress that accompanies the transition into adulthood, making it relatable for anyone grappling with similar feelings of nostalgia and anxiety."
Back to Black,Typh Barrow,"He left no time to regret
Kept his lips wet
With his same old safe bet

Me and my head high
And my tears dry
Get on without my guy

You went back to what you knew
So far removed from all that we went through
And I tread a troubled track
My odds are stacked
And I'll go back to black

We only said goodbye with words
I died a hundred times
You go back to her
And I go back to
I go back to us

I love you much
It's not enough
You love blow and I love puff
And life is like a pipe
And I'm a tiny penny rolling up the walls inside

We only said goodbye with words
I died a hundred times
You go back to her
And I go back to
We only said goodbye with words
I died a hundred times
You go back to her
And I go back to
I got back to black

Black
Black
I go back to
I go back to

We only said goodbye with words
I died a hundred times
You go back to her
And I go back to
We only said goodbye with words
I died a hundred times
You go back to her
And I go back to black
I go back to black","The song ""Back to Black"" by Typh Barrow explores themes of heartbreak, loss, and emotional turmoil following a breakup. The lyrics convey a sense of resignation and sadness as the narrator reflects on a relationship that has ended. The imagery of ""going back to black"" symbolizes a return to a state of despair and loneliness after the partner has moved on to someone else.

Emotions of regret and longing are prevalent, as the narrator expresses feelings of inadequacy and the pain of unreciprocated love. Phrases like ""I died a hundred times"" highlight the depth of emotional suffering experienced. The contrast between the narrator's high head and dry tears suggests a facade of strength while grappling with inner turmoil.

The situation depicted involves a painful farewell, characterized by a lack of closure, as the couple only said goodbye with words. The narrator acknowledges the partner's return to familiar comforts, while they are left to navigate their own sorrow. The metaphor of life as a pipe and the narrator as a ""tiny penny"" evokes a sense of being small and insignificant in the grand scheme of their emotional struggles.

Overall, the song captures the complexities of love, loss, and the cyclical nature of heartache, making it a poignant reflection on the aftermath of a relationship. This thematic depth can help in retrieving the song for questions related to heartbreak, emotional resilience, and the experience of moving on."
I'm with You,Vance Joy,"I saw you standing there
Sandy blonde hair, the way it came tumbling down
Just like a waterfall
And if you need a light
I'll be the match to your candle, my darling, I'm ready
To burst into flames for you

I was just coasting 'til we met
You remind me just how good it can get

Well, I've been on fire, dreaming of you
Tell me you don't, it feels like you do
Looking like that, you'll open some wounds
How does it start and when does it end?
Only been here for a moment, but I know I want you
But is it too soon?
To know that I'm with you
There's nothing I can do

And sometime around 1:00
We fell asleep to escape from the sun, and we woke up
To the sound of a storm outside
We stood at your front door
You looked at me and said, ""Baby, this rain changes everything""
And my heart ran away from me

I was just coasting 'til we met
You remind me just how good it can get

Well, I've been on fire, dreaming of you
Tell me you don't, it feels like you do
Opening up can open some wounds
How does it start and when does it end?
Only been here for a moment, but I know I want you
Darling, I do
I'm with you
There's nothing I won't do

To see you shine
I'll swing for the fences, I'll run to the line
And it's high time that you love me
'Cause you do it so well
To see you shine
I'll swing for the fences, I'll run to the line
And it's high, high time

Oh darling, I'm with you
Oh darling, I'm with you
There's nothing I won't do
There's nothing I won't do, ooh-ooh-ooh
I'm with you
Oh, darling, I'm with you","The song ""I'm with You"" by Vance Joy explores themes of love, longing, and emotional connection. The lyrics convey a sense of admiration and desire, as the narrator reflects on a transformative relationship that ignites passion and excitement in their life. 

Imagery of nature, such as ""sandy blonde hair"" and ""waterfall,"" evokes a sense of beauty and fluidity, while the metaphor of being a ""match to your candle"" suggests a willingness to provide warmth and support. The narrator expresses feelings of being lost or ""coasting"" before meeting the other person, highlighting the impact this relationship has had on their emotional state.

The song captures moments of intimacy, such as falling asleep together and waking to a storm, symbolizing both comfort and the unpredictability of love. The repeated questioning of ""how does it start and when does it end?"" reflects the uncertainty that often accompanies new relationships, while the declaration of ""I'm with you"" emphasizes commitment and devotion.

Overall, the emotions conveyed range from yearning and vulnerability to joy and determination, as the narrator expresses a readiness to do anything for the person they love. This song is ideal for thematic searches related to love, emotional connection, and the complexities of romantic relationships."
Riptide,Vance Joy,"I was scared of dentists and the dark
I was scared of pretty girls and starting conversations
Oh, all my friends are turning green
You're the magician's assistant in their dream

Ah-ooh-ooh-ooh, ah-ahh-ah-ah
And they come unstuck

Lady, running down to the riptide
Taken away to the dark side
I wanna be your left-hand man
I love you when you're singing that song
And I got a lump in my throat
'Cause you're gonna sing the words wrong

There's this movie that I think you'll like
This guy decides to quit his job and heads to New York City
This cowboy's running from himself
And she's been living on the highest shelf

Ah-ooh-ooh-ooh, ah-ahh-oh
And they come unstuck

Lady, running down to the riptide
Taken away to the dark side
I wanna be your left-hand man
I love you when you're singing that song
And I got a lump in my throat
'Cause you're gonna sing the words wrong

I just wanna, I just wanna know
If you're gonna, if you're gonna stay
I just gotta, I just gotta know
I can't have it, I can't have it any other way

I swear she's destined for the screen
Closest thing to Michelle Pfeiffer that you've ever seen, oh

Lady, running down to the riptide
Taken away to the dark side
I wanna be your left-hand man
I love you when you're singing that song
And I got a lump in my throat
'Cause you're gonna sing the words wrong

Oh lady, running down to the riptide
Taken away to the dark side
I wanna be your left-hand man
I love you when you're singing that song
And I got a lump in my throat
'Cause you're gonna sing the words wrong

Oh lady, running down to the riptide
Taken away to the dark side
I wanna be your left-hand man
I love you when you're singing that song
And I got a lump in my throat
'Cause you're gonna sing the words wrong

Yeah, I got a lump in my throat
'Cause you're gonna sing the words wrong","The song ""Riptide"" by Vance Joy explores themes of longing, fear, and the complexities of love. The narrator expresses vulnerability through personal fears, such as a fear of dentists and the dark, as well as social anxieties about engaging with attractive individuals. The imagery of a ""lady running down to the riptide"" evokes a sense of adventure and escape, suggesting a desire to break free from mundane realities and embrace the unknown.

Emotions of nostalgia and yearning are prevalent, particularly in the narrator's admiration for the lady, who is likened to a cinematic figure, reminiscent of Michelle Pfeiffer. The repeated mention of a ""lump in my throat"" signifies a mix of excitement and apprehension, especially regarding the lady's imperfections, such as singing the wrong lyrics. This highlights the theme of imperfect love and the beauty found in flaws.

Situationally, the song references a desire for connection and the uncertainty of relationships, as the narrator questions whether the lady will stay in their life. The overall tone blends whimsical imagery with a sense of urgency, capturing the essence of youthful romance and the bittersweet nature of unrequited feelings. This combination of themes, emotions, and vivid imagery makes ""Riptide"" a poignant exploration of love and longing."
Dusk Till Dawn (feat. Sia) - Brooks Remix,ZAYN,"Not tryna be indie
Not tryna be cool
Just tryna be in this
Tell me, are you too?

Can you feel where the wind is?
Can you feel it through
All of the windows
Inside this room?

Light it up, on the run
Let's make love tonight
Make it up, fall in love, try

But you'll never be alone
I'll be with you from dusk till dawn
I'll be with you from dusk till dawn
Baby, I am right here

I'll hold you when things go wrong
I'll be with you from dusk till dawn
I'll be with you from dusk till dawn
Baby, I am right here

Baby, I am right here
I'll hold you when things go wrong
I'll be with you from dusk till dawn
I'll be with you from dusk till dawn
Baby, I am right here

But you'll never be alone

We were shut like a jacket
So do your zip
We would roll down the rapids
To find a wave that fits

Can you feel where the wind is?
Can you feel it through
All of the windows
Inside this room?

'Cause I wanna touch you baby
And I wanna feel it too
I wanna see the sunrise
On your sins just me and you

Light it up, on the run
Let's make love tonight

But you'll never be alone
I'll be with you from dusk till dawn
I'll be with you from dusk till dawn
Baby, I am right here

I'll hold you when things go wrong
I'll be with you from dusk till dawn
I'll be with you from dusk till dawn
Baby, I am right here

Baby, I am right here
I'll hold you when things go wrong
I'll be with you from dusk till dawn
I'll be with you from dusk till dawn
Baby, I am right here

But you'll never be alone","The song ""Dusk Till Dawn"" by ZAYN (feat. Sia) explores themes of love, companionship, and unwavering support. The lyrics convey a deep emotional connection between two individuals, emphasizing a desire to be together through both good and challenging times. The imagery of being together ""from dusk till dawn"" symbolizes a commitment to stay by each other's side, highlighting the idea of enduring love and loyalty.

The song captures a sense of intimacy and vulnerability, with lines that express a longing to connect physically and emotionally. Phrases like ""light it up"" and ""make love tonight"" evoke a passionate atmosphere, while references to feeling the wind and the environment around them create a sense of shared experience and closeness.

Overall, the emotions conveyed in the song range from romantic yearning to reassurance, as the narrator promises to be a constant presence, ensuring that their partner will never feel alone. This blend of romantic imagery and themes of support makes the song resonate with listeners seeking comfort and connection in their relationships."
Was There Nothing?,Ásgeir,"Was there nothing but the hush of night?
Had a boat; don't remember where.
Did you flee from what was said and seen?
Truth's not true under the light of lies.
Raise your sword and shield

Was there more than just the prose of night?
Had a grave; don't remember where.
Beaten down awhile I lift up my prayer.
Broken promises have set the snare; both sincere and not.

Was there nothing but the blessed night?
Had some gold but don't remember where.
When does faith lift up its head so high?
Oh, my Lord, won't you please tell me why faith bestows power?

Was there nothing but the hush of night?
Had a treasure but I don't know where.
Did you flee from what was said and seen?
Yes, the good was not without the bad.
Raise your sword and shield.
Yes, the good was not without the bad.
Raise up your sword and shield.","The song ""Was There Nothing?"" by Ásgeir explores themes of introspection, loss, and the struggle between truth and deception. The lyrics evoke a sense of searching and uncertainty, as the narrator reflects on memories of the night, symbolizing both darkness and contemplation. Imagery of a boat, grave, and treasure suggests a journey through life’s challenges and the weight of past experiences.

Emotions of longing and confusion permeate the song, as the narrator grapples with broken promises and the duality of good and bad in life. The repeated questioning of what remains in the silence of night highlights a quest for meaning and understanding amidst chaos. The call to ""raise your sword and shield"" signifies a readiness to confront these struggles, suggesting themes of resilience and the fight for faith and truth.

Overall, the song captures a poignant blend of vulnerability and strength, making it a reflective piece on the complexities of existence and the search for clarity in a world filled with contradictions."
